Event,Site,Date,Round,White,Black,Result,UTCDate,UTCTime,WhiteElo,BlackElo,WhiteRatingDiff,BlackRatingDiff,Variant,TimeControl,ECO,Termination,PGN,WhiteTitle,FEN,SetUp
Rated Classical game,https://lichess.org/leGlIIPr,2018.11.16,-,gsrdz18,HushPuppies,0-1,2018.11.16,06:03:11,1520,1554,-10,+35,Standard,900+15,D00,Normal,1. d4 d5 2. e3 Nf6 3. Bd3 e6 4. h3 Bb4+ 5. c3 Ba5 6. Qa4+ Nc6 7. Bb5 Bd7 8. Bxc6 Bxc6 9. Qxa5 O-O 10. b4 b6 11. Qa6 Ne4 12. Nf3 Qf6 13. O-O g5 14. Ba3 h5 15. b5 g4 16. hxg4 hxg4 17. Nh2 Kg7 18. Bxf8+ Rxf8 19. bxc6 Rh8 20. f3 Qh4 21. fxe4 g3 22. Rxf7+ Kg6 23. Rxc7 Qxh2+ 24. Kf1 Qh1+ 25. Ke2 Qxg2+ 26. Kd3 Qf1+ 27. Kc2 Rh2+ 28. Nd2 Qxa6 29. Re7 Qe2 30. Rxe6+ Kf7 31. Rd1 Kxe6 32. c7 Kd7 0-1,,,
Rated Rapid game,https://lichess.org/UDEdZPBd,2018.11.16,-,husu2010,HushPuppies,0-1,2018.11.16,05:30:57,1068,1171,-7,+7,Standard,600+0,B30,Normal,1. e4 c5 2. Nf3 Nc6 3. Bc4 g6 4. Ng5 Nh6 5. Qf3 Ne5 6. Qe2 f6 7. Nf3 b6 8. Nxe5 fxe5 9. d3 d6 10. Bxh6 Bxh6 11. Qf3 Rf8 12. Bb5+ Bd7 13. Bxd7+ Qxd7 14. Qg3 Bf4 15. Qh4 d5 16. exd5 Qxd5 17. Qxh7 Qxg2 18. Rf1 Qxh2 19. Qxg6+ Kd8 20. Qc6 Rf6 21. Qxa8+ Kd7 22. Qxa7+ Ke6 23. Qxb6+ Kd5 24. Nc3+ Kd4 25. Qd8+ Rd6 26. Nb5+ Kd5 27. Nxd6 Ke6 28. Qg8+ Kxd6 29. Qg6+ Kd7 30. a4 Qh8 31. Qg4+ e6 32. a5 Qb8 33. Qg7+ Kd6 34. a6 Qb4+ 35. c3 Qxb2 36. Qf8+ Kd5 37. c4+ Kd4 38. Qd8+ Kc3 39. Qa5+ Kxd3 40. Rd1+ Ke4 41. f3+ Ke3 42. Rf2 Qxf2# 0-1,,,
Rated Rapid game,https://lichess.org/hZk2deAp,2018.11.16,-,catar2,HushPuppies,1-0,2018.11.16,05:04:25,1128,1183,+12,-12,Standard,600+0,B30,Normal,1. e4 c5 2. Nf3 Nc6 3. c4 Nf6 4. d3 g6 5. a3 Bg7 6. Ra2 O-O 7. Be2 d6 8. O-O Bg4 9. h3 Bxf3 10. Bxf3 Nd4 11. Nc3 a6 12. a4 Qd7 13. Bg4 Nxg4 14. Qxg4 Qxg4 15. hxg4 d5 16. Be3 Nf3+ 17. gxf3 d4 18. Bxd4 cxd4 19. Nd5 g5 20. Nxe7+ Kh8 21. Nf5 Be5 22. b4 h6 23. Nxh6 Kh7 24. Nf5 Kg6 25. a5 Kf6 26. Kg2 Ke6 27. Ng7+ Kd7 28. Nf5 Bd6 29. Nxd6 Kxd6 30. Re1 Rfe8 31. c5+ Kc6 32. Rc1 Kb5 33. Rac2 Rac8 34. Rc4 f6 35. Rxd4 Red8 36. Rxd8 Rxd8 37. Rh1 Rxd3 38. Rh7 Kxb4 39. Rxb7+ Kxc5 40. Ra7 Kb5 41. Rf7 Rd6 42. Kg3 Re6 43. Rc7 Kxa5 44. Rc1 Kb5 45. Rb1+ Ka5 46. Ra1+ Kb5 47. Kg2 a5 48. Kf1 Kb4 49. Ke1 a4 50. Kd1 Kb3 51. Kc1 Rb6 52. Rb1+ Ka3 53. Rxb6 f5 54. exf5 1-0,,,
Rated Rapid game,https://lichess.org/p2TYP5mo,2018.11.15,-,HushPuppies,pisklavypes,0-1,2018.11.15,09:01:18,1193,1232,-10,+12,Standard,600+0,D00,Normal,1. d4 d5 2. Bf4 Nc6 3. Nf3 e6 4. Nbd2 Nf6 5. h3 Bd6 6. e3 O-O 7. a3 Ne4 8. Bd3 f5 9. Ne5 Nxe5 10. Bxe5 Bd7 11. O-O Qg5 12. Nf3 Qg6 13. Nh4 Qg5 14. Bh2 Bxh2+ 15. Kxh2 Qxh4 16. g3 Qe7 17. f3 Nd6 18. g4 fxg4 19. fxg4 e5 20. dxe5 Qxe5+ 21. Kh1 Qxe3 22. g5 Qxh3+ 23. Kg1 Bg4 24. Bxh7+ Kxh7 25. Rxf8 Rxf8 26. Qe1 Re8 27. Qf2 Ne4 28. Qf7 Qg3+ 29. Kf1 Bh3+ 30. Ke2 Nxg5+ 31. Kd2 Nxf7 32. Rh1 Qg2+ 33. Kc3 Qxh1 0-1,,,
Rated Rapid game,https://lichess.org/DXXLRa75,2018.11.15,-,HushPuppies,miliuccim,1-0,2018.11.15,03:55:58,1184,1125,+9,-9,Standard,600+0,D02,Normal,1. d4 d5 2. Bf4 Nf6 3. Nf3 Bg4 4. Nbd2 Bxf3 5. Nxf3 e6 6. e3 Bd6 7. Bb5+ Nc6 8. Bg5 a6 9. Ba4 b5 10. Bb3 h6 11. Bxf6 Qxf6 12. a3 O-O 13. O-O Na5 14. e4 Nxb3 15. e5 Bxe5 16. dxe5 Qf4 17. cxb3 f6 18. exf6 Rxf6 19. Qc2 Raf8 20. Nd2 Rf5 21. Rae1 Rh5 22. Nf3 Qg4 23. Qd3 Qf4 24. Rxe6 g5 25. Qxd5 g4 26. Rf6+ Kg7 27. Rxf4 Rxf4 28. Qd7+ Kg6 29. Qe8+ Rf7 30. Ne5+ Kf6 31. Nxf7 Kg7 32. Ne5 Rh4 33. Qf7+ Kh8 34. Ng6# 1-0,,,
Rated Rapid game,https://lichess.org/J5ecfoVQ,2018.11.15,-,Ayarceb,HushPuppies,0-1,2018.11.15,03:39:14,1129,1174,-9,+10,Standard,600+0,B20,Normal,1. e4 c5 2. d3 Nc6 3. Be3 e5 4. Nf3 h6 5. c3 Nf6 6. d4 cxd4 7. cxd4 Nxd4 8. Bxd4 exd4 9. Nxd4 Bc5 10. Nb3 b6 11. f3 d6 12. Nxc5 bxc5 13. Nc3 Bd7 14. a4 O-O 15. Bc4 Qa5 16. Qxd6 Bxa4 17. Rxa4 Qd8 18. Qxc5 Rc8 19. Qxa7 Qd6 20. O-O Rc5 21. Rd1 Qe5 22. Bxf7+ Rxf7 23. Rd8+ Rf8 24. Rxf8+ Kxf8 25. Qa8+ Ne8 26. Nd5 Qxb2 27. Rb4 Rc1# 0-1,,,
Rated Rapid game,https://lichess.org/cZMdNuBz,2018.11.15,-,HushPuppies,Z-Austria,1-0,2018.11.15,03:15:36,1161,1239,+13,-13,Standard,600+0,A40,Normal,1. d4 e6 2. Bf4 d5 3. e3 Be7 4. Nf3 h6 5. Bd3 Nf6 6. Nc3 Nc6 7. O-O O-O 8. a3 Nh5 9. Be5 Nxe5 10. dxe5 f5 11. Nd4 Bc5 12. Qxh5 Bxd4 13. exd4 b6 14. Rfe1 Bd7 15. Re3 Be8 16. Qh3 Qg5 17. Rg3 Qd2 18. Re3 a6 19. Rd1 Qxd1+ 20. Nxd1 Bb5 21. Bxb5 axb5 22. g4 Ra4 23. c3 c5 24. gxf5 cxd4 25. cxd4 Rxf5 26. Rf3 Rg5+ 27. Rg3 Rf5 28. Ne3 Rf8 29. Qxe6+ Kh7 30. Nf5 Rxf5 31. Qxf5+ Kg8 32. e6 Rxd4 33. Kg2 Rc4 34. e7 Rc8 35. Qxc8+ Kf7 36. e8=Q+ Kf6 37. Qee6# 1-0,,,
Rated Rapid game,https://lichess.org/bBGKiSXU,2018.11.15,-,aleksanderfm,HushPuppies,0-1,2018.11.15,03:13:10,1153,1150,-12,+11,Standard,600+0,B21,Normal,1. e4 c5 2. d4 cxd4 3. Qxd4 Nc6 4. Qc3 Nf6 5. Bd3 e5 6. f4 Bb4 0-1,,,
Rated Blitz game,https://lichess.org/VtkV77yY,2018.11.15,-,ReinaldoR,HushPuppies,1-0,2018.11.15,02:53:04,2406,1203,+0,+0,Standard,300+3,D00,Normal,1. d4 d5 2. Bf4 c5 3. e3 cxd4 4. exd4 Nc6 5. c3 Nf6 6. Nd2 Bg4 7. Qb3 Qd7 8. Ngf3 g6 9. Ne5 Nxe5 10. dxe5 Nh5 11. Bb5 Nxf4 12. Bxd7+ Bxd7 13. Qxb7 Rd8 14. O-O Bh6 15. Nf3 f6 16. exf6 e6 17. f7+ Kxf7 18. Ne5+ Ke8 19. Rfe1 Ke7 20. Nc6+ Kd6 21. Nxd8 Rxd8 22. Qxa7 Bc6 23. Qxh7 Bf8 24. Qh4 Nd3 25. Qxd8+ Bd7 26. Qxf8+ 1-0,CM,,
Rated Rapid game,https://lichess.org/xTe7yAg0,2018.11.14,-,darthveder,HushPuppies,0-1,2018.11.14,19:41:49,1500,1137,-440,+13,Standard,600+0,D00,Normal,1. d4 d5 2. c3 Nf6 3. Bf4 e6 4. e3 Bd6 5. Bd3 Bxf4 6. exf4 Nc6 7. Nf3 h6 8. Nbd2 Ng4 9. Qe2 Qd6 10. h3 Nf6 11. Ne5 O-O 12. Ndf3 Nh5 13. g3 Ne7 14. Qc2 Nf6 15. h4 c5 16. dxc5 Qxc5 17. f5 exf5 18. Nd4 f4 19. g4 Nxg4 20. Nxg4 Bxg4 21. f3 Bh5 22. Rg1 g6 23. b4 Qc7 24. Nb5 Qe5+ 25. Be2 Bxf3 26. Kf2 Qe3+ 27. Kf1 Rfe8 28. Nd4 Bxe2+ 29. Qxe2 Qxc3 30. Qd1 Qc4+ 31. Ne2 Qxb4 32. Rb1 Qd6 33. Rxb7 Qa6 34. Rb3 Nf5 35. Qd3 Qxd3 36. Rxd3 Rab8 37. Rxd5 Rb1+ 38. Kg2 Ne3+ 39. Kh2 Nxd5 40. Rxb1 Rxe2+ 41. Kg1 Kg7 42. Kf1 Re3 43. Rb7 Kf6 44. Rxa7 Nc3 45. Kf2 Nd1+ 46. Kg2 f3+ 47. Kg3 f2+ 48. Kg2 Kf5 49. Rxf7+ Kg4 50. a4 Rg3+ 51. Kh2 Rf3 52. Rxf3 Kxf3 53. Kh1 Ke2 54. a5 f1=Q+ 55. Kh2 Qf2+ 56. Kh3 Kf1 57. a6 Qg2# 0-1,,,
Rated Classical game,https://lichess.org/1y3WMSYU,2018.11.14,-,andres0001,HushPuppies,1-0,2018.11.14,04:45:06,1656,1589,+8,-35,Standard,1800+15,B25,Normal,1. e4 c5 2. Nc3 Nc6 3. Bb5 Nf6 4. Bxc6 bxc6 5. f4 Qc7 6. d3 g6 7. Nf3 Bg7 8. O-O O-O 9. Qe1 e6 10. Qh4 Nh5 11. e5 d6 12. g4 Nxf4 13. Bxf4 dxe5 14. Bh6 Qd8 15. Qxd8 Rxd8 16. Bxg7 Kxg7 17. Nxe5 1-0,,,
Rated Rapid game,https://lichess.org/C6mrqhcc,2018.11.14,-,sennheisermx,HushPuppies,0-1,2018.11.14,04:07:18,1152,1126,-11,+11,Standard,600+0,B23,Normal,1. e4 c5 2. Nc3 e6 3. e5 d5 4. exd6 Bxd6 5. Nf3 Nf6 6. Bb5+ Nc6 7. d4 cxd4 8. Nxd4 O-O 9. Nxc6 bxc6 10. Bxc6 Rb8 11. Nb5 Qb6 12. Qxd6 Qa5+ 13. Bd2 Qa6 14. Qxb8 Qxc6 15. O-O-O Bb7 16. Qxa7 Qxb5 17. Bg5 Qxg5+ 18. Kb1 Qxg2 19. Rhe1 Be4 20. a3 Nd5 21. Re3 Nxe3 22. Qxe3 f5 23. Qb3 Qxf2 24. Qxe6+ Kh8 25. Qe7 Rg8 26. Rd8 Qe1+ 27. Ka2 Bd5+ 28. b3 Qxe7 0-1,,,
Rated Blitz game,https://lichess.org/jpmSLrzP,2018.11.14,-,HushPuppies,Schrodinger12,0-1,2018.11.14,02:38:52,1218,1230,-15,+10,Standard,300+3,D00,Normal,1. d4 d5 2. Bf4 c5 3. c3 Nc6 4. e3 e6 5. Bd3 Bd6 6. Nh3 Nf6 7. O-O e5 8. dxe5 Nxe5 9. Bxe5 Bxe5 10. b3 Bxh3 11. gxh3 O-O 12. f4 Bc7 13. Nd2 Re8 14. Qf3 b6 15. c4 Rb8 16. e4 dxc4 17. bxc4 g6 18. e5 Nh5 19. Rad1 Qh4 20. Ne4 Rbd8 21. Nf6+ Nxf6 22. exf6 Qxf6 23. Kh1 a5 24. Rg1 Bxf4 25. Qh5 Qc6+ 26. Rg2 Re5 27. Qg4 Bh6 28. Qh4 Rg5 29. Rg1 Rxg2 30. Rxg2 Be3 31. Be4 Qe6 32. Qxd8+ Kg7 33. h4 Qxe4 34. h5 Qb1+ 35. Rg1 Qxg1# 0-1,,,
Rated Blitz game,https://lichess.org/RbWbInwN,2018.11.14,-,richguy,HushPuppies,1-0,2018.11.14,02:34:11,1149,1239,+13,-21,Standard,300+3,B30,Normal,1. e4 c5 2. Nf3 Nc6 3. Nc3 Nf6 4. a3 e5 5. b4 b6 6. Bb5 Bd6 7. O-O O-O 8. Bxc6 dxc6 9. bxc5 Bxc5 10. Ne2 Nxe4 11. Nxe5 Qf6 12. Nf3 Bg4 13. Rb1 Bxf2+ 14. Rxf2 Nxf2 15. Kxf2 Rfe8 16. Ng1 Re6 17. Bb2 Rae8 18. Bxf6 Re2+ 19. Nxe2 Bxf3 20. gxf3 1-0,,,
Rated Blitz game,https://lichess.org/IfEClU5m,2018.11.13,-,HushPuppies,ibodgn123,1-0,2018.11.13,19:53:21,1221,1236,+18,-11,Standard,300+3,B06,Time forfeit,1. d4 g6 2. e4 d6 3. Nc3 Bg7 4. f4 e6 5. e5 dxe5 6. fxe5 f6 7. Bb5+ Bd7 8. Bxd7+ Qxd7 9. Nf3 Nc6 10. Be3 O-O-O 11. a4 Kb8 12. a5 a6 13. O-O Nb4 14. Nd2 fxe5 15. Ra4 exd4 16. Rxb4 dxe3 17. Qf3 c6 18. Qxe3 Qxd2 19. Qxd2 Rxd2 20. Rbf4 Nf6 21. g4 h6 22. h4 h5 23. g5 Nd7 24. Rf7 Ka7 25. Rxg7 Rxc2 26. Rxd7 Rxb2 27. Rff7 Rb8 28. Rfe7 Rc2 29. Rd3 Rc1+ 30. Kg2 Rc2+ 31. Kf3 Ra2 32. Nxa2 1-0,,,
Rated Blitz game,https://lichess.org/3J4Jhlyk,2018.11.13,-,HushPuppies,freetimeflow,1-0,2018.11.13,04:36:10,1197,1330,+24,-14,Standard,300+3,D00,Normal,1. d4 d5 2. Bf4 Nf6 3. h3 c5 4. e3 Bf5 5. c3 Nc6 6. Bd3 Bg6 7. Bxg6 hxg6 8. Nf3 e6 9. O-O Bd6 10. Qb3 b6 11. Qb5 Rc8 12. Qa6 Bxf4 13. exf4 Ne4 14. Ne5 Nxe5 15. fxe5 Qc7 16. Na3 cxd4 17. Nb5 Qc4 18. f3 Ng3 19. Nd6+ Kd7 20. Nxc4 dxc4 21. Rfd1 d3 22. Qxa7+ Kc6 23. Qxf7 Rc7 24. Qxe6+ Kb7 25. b3 Ne2+ 26. Kh2 Nxc3 27. bxc4 Nxd1 28. Rxd1 Rd8 29. Qxg6 b5 30. Rxd3 Rxd3 31. Qxd3 bxc4 32. Qe4+ Kb6 33. e6 Re7 34. Qxc4 g5 35. a4 Rc7 36. Qb5+ Ka7 37. Qa5+ Kb7 38. Qb4+ Ka7 39. e7 Rc8 40. Qb5 g4 41. fxg4 Re8 42. Qxe8 Ka6 43. Qb5+ Ka7 44. g5 Ka8 45. e8=Q+ Ka7 46. Qeb8# 1-0,,,
Rated Blitz game,https://lichess.org/rCDVgJ39,2018.11.12,-,marcellomaestri45,HushPuppies,1-0,2018.11.12,04:16:08,1315,1210,+7,-13,Standard,300+3,D00,Normal,1. d4 d5 2. Bf4 c6 3. e3 Nf6 4. Nd2 h6 5. h3 e6 6. Ngf3 Bd6 7. Ne5 O-O 8. Ndf3 Nbd7 9. Bd3 Bxe5 10. Nxe5 Nxe5 11. Bxe5 Ne4 12. Bxe4 dxe4 13. Qg4 f6 14. Bg3 e5 15. Qxe4 f5 16. Qxe5 Bd7 17. O-O-O Qf6 18. Qxf6 Rxf6 19. Be5 Rf7 20. f4 b6 21. Rdg1 g5 22. g4 gxf4 23. exf4 Kh7 24. gxf5 Bxf5 25. h4 Rd8 26. Rh2 c5 27. c3 b5 28. Rhg2 Rdd7 29. Rg8 Rg7 30. R8xg7+ Rxg7 31. Rxg7+ Kh8 32. Rxa7+ Kg8 33. Rb7 Kf8 34. Rxb5 Bd7 35. Rxc5 Ke7 36. Rc7 Ke6 37. Rxd7 Kxd7 38. a4 Kc6 39. f5 1-0,,,
Rated Blitz game,https://lichess.org/1Bng6rqE,2018.11.12,-,HushPuppies,Megariotis,1-0,2018.11.12,04:05:30,1201,1001,+9,-19,Standard,300+3,C00,Normal,1. e4 e6 2. d4 Ne7 3. c3 f5 4. e5 g5 5. Bxg5 h6 6. Bh4 h5 7. Nf3 d6 8. Bb5+ Bd7 9. Bc4 dxe5 10. dxe5 b5 11. Bb3 Ng6 12. Bxd8 Kxd8 13. h3 1-0,,,
Rated Bullet game,https://lichess.org/9CuoDnRA,2018.11.12,-,theoliverATOM,HushPuppies,0-1,2018.11.12,01:05:43,930,964,-12,+25,Standard,120+1,C50,Normal,1. e4 e5 2. Nf3 Nc6 3. Bc4 d6 4. d3 h6 5. O-O Nf6 6. Bg5 hxg5 7. Nxg5 Be6 8. Bxe6 fxe6 9. Qf3 Qe7 10. Re1 O-O-O 11. Nc3 g6 12. Nb5 Kb8 13. c4 a6 14. Nxc7 Kxc7 15. Rec1 Bh6 16. Nxe6+ Qxe6 0-1,,,
Rated Blitz game,https://lichess.org/5Q7XvzKn,2018.11.12,-,HushPuppies,Egozkue,1-0,2018.11.12,00:03:17,1186,1108,+15,-8,Standard,300+3,B01,Normal,1. e4 d5 2. Nc3 d4 3. Nce2 e5 4. d3 Nf6 5. f4 Bg4 6. h3 Bxe2 7. Nxe2 exf4 8. Nxf4 Bd6 9. Qe2 Bxf4 10. Bxf4 Nc6 11. a3 O-O 12. O-O-O b6 13. g4 a5 14. h4 Qd7 15. Bh3 Rfe8 16. g5 Qe7 17. gxf6 Qxf6 18. Bg5 Qe5 19. Bd7 Re6 20. Bxe6 Qxe6 21. Rdf1 b5 22. Rhg1 b4 23. a4 Ne5 24. Bf4 Nc6 25. h5 Ne7 26. h6 Qxh6 27. Bxh6 1-0,,,
Rated Rapid game,https://lichess.org/oZ8hdsc4,2018.11.11,-,ankita4510,HushPuppies,1-0,2018.11.11,07:04:49,1141,1136,+11,-10,Standard,600+0,D00,Normal,1. d4 d5 2. Bf4 c6 3. e3 h6 4. Bd3 Nf6 5. Nf3 g5 6. Be5 Bg7 7. O-O O-O 8. Re1 Bg4 9. c3 Ne4 10. h3 Bxf3 11. Qxf3 f6 12. Bxb8 Rxb8 13. Bxe4 e6 14. Bg6 f5 15. e4 Qf6 16. exf5 exf5 17. Qxf5 Qxf5 18. Bxf5 Rxf5 19. Re7 Rf7 20. Re1 Bf8 21. Nd2 c5 22. Nf3 cxd4 23. Nxd4 Bc5 24. Nf3 h5 25. Nxg5 Bxf2+ 26. Kf1 Bh4+ 27. Kg1 Bxg5 28. Re5 Rg7 29. Rxd5 Re8 30. Rad1 Bh4 31. g3 Bxg3 32. Kg2 Bh4+ 33. Kh2 Re2+ 34. Kh1 Rgg2 35. Rxh5 Rh2+ 36. Kg1 Bf2+ 37. Kxh2 Re1 38. Rg5+ Kh7 39. Rd7+ Kh6 40. Rgg7 Bh4 41. Rh7+ Kg6 42. Rxh4 Kf6 43. Rf4+ Ke6 44. Rxb7 Re2+ 45. Kg3 Re5 46. Rxa7 Kd6 47. Ra6+ Kd5 48. Ra5+ Ke6 49. Ra6+ Kd5 50. Rd4+ Kc5 51. b4+ Kb5 52. Ra5+ Kc6 53. Rxe5 Kc7 54. h4 Kc6 55. h5 Kc7 56. h6 Kc6 57. h7 Kc7 58. Re7+ Kc6 59. h8=Q Kb6 60. Qb8+ Kc6 61. Qc7+ Kb5 62. Qc5+ Ka6 63. Ra7# 1-0,,,
U1500 Rapid Arena,https://lichess.org/HkuOHDTh,2018.11.11,-,HushPuppies,Neptune2,0-1,2018.11.11,03:35:31,1144,1258,-8,+8,Standard,600+0,?,Abandoned,0-1,,,
U1500 Rapid Arena,https://lichess.org/DGby7KG8,2018.11.11,-,Oscar_Lobb,HushPuppies,1-0,2018.11.11,03:17:11,1366,1149,+5,-5,Standard,600+0,D10,Normal,1. d4 d5 2. c4 c6 3. Nc3 Nf6 4. e3 g6 5. a3 Bg7 6. Nf3 O-O 7. Be2 Bf5 8. O-O Qd6 9. Nh4 Ne4 10. Nxf5 gxf5 11. Nxe4 fxe4 12. cxd5 cxd5 13. Bd2 Nc6 14. Rc1 a6 15. Bb4 Nxb4 16. axb4 Rac8 17. Rxc8 Rxc8 18. Qb3 e5 19. dxe5 Qxe5 20. f3 exf3 21. Bxf3 d4 22. Bxb7 Rd8 23. Qxf7+ Kh8 24. exd4 Qxd4+ 25. Qf2 Qxb2 26. Qxb2 Bxb2 27. Bxa6 Rb8 28. b5 Bd4+ 29. Kh1 Bb6 30. g3 Re8 31. Rf6 Re1+ 32. Kg2 Be3 33. b6 Kg7 34. b7 Ba7 35. Rf3 Ra1 36. Bd3 Kh6 37. Rf8 Kg5 38. Ra8 Rg1+ 39. Kf3 Rf1+ 40. Bxf1 1-0,,,
Rated Rapid game,https://lichess.org/4RqLyrzF,2018.11.10,-,HushPuppies,ThesT,0-1,2018.11.10,07:20:06,1162,1105,-13,+13,Standard,600+0,C42,Normal,1. e4 e5 2. Nf3 Nf6 3. d3 Ng4 4. Qe2 Bc5 5. Be3 Nxe3 6. fxe3 d6 7. a3 O-O 8. Nc3 Bg4 9. O-O-O Nc6 10. h3 Bxf3 11. gxf3 Na5 12. Rg1 Nb3+ 13. cxb3 c6 14. Qg2 Qf6 15. Re1 b5 16. b4 Bxe3+ 17. Rxe3 c5 18. Nxb5 cxb4 19. Nxd6 g6 20. Nc4 Rac8 21. axb4 Qa6 22. Kd2 Qb5 23. Nd6 Qxb4+ 24. Kd1 Qxd6 25. h4 Qc5 26. Qc2 Qxe3 27. h5 Rxc2 28. Kxc2 0-1,,,
Casual Standard game,https://lichess.org/ufUVmlob,2018.11.08,-,HushPuppies,tabatabataba,0-1,2018.11.08,07:50:28,1230,1609,,,From Position,-,?,Normal,41... g5+ 42. Kxe4 Rc4+ 43. Kd3 Rc8 44. e4 Rd8+ 45. Ke3 f5 46. exf5 Re8+ 47. Kf3 h5 48. h4 gxh4 49. Kf4 Re2 50. Kg5 Rxg2+ 51. Kxh5 Rf2 52. Kxh4 Rxf5 53. Kg4 Rf7 54. Kg5 Kg7 55. Kh5 Rf5+ 56. Kg4 Rf1 57. Kg3 Rg1+ 58. Kf2 Rg4 59. Kf3 Rh4 60. Kg3 Rh5 61. Kg4 Rh6 62. Kf5 Rh5+ 63. Kg4 Rh6 64. Kg5 Rh7 65. Kf5 Kf7 66. Kg5 Rg7+ 67. Kf5 Ke7 68. Ke5 Rg5+ 69. Kf4 Rg6 70. Kf5 Rg7 71. Ke5 Kd7 72. Kf6 Rg8 73. Kf7 Rd8 74. Kf6 Kd6 75. Kf7 Ke5 76. Ke7 Rd5 77. Kf7 Rd6 78. Ke7 Kd5 79. Kf7 Ke5 80. Kg7 Kf5 81. Kh7 Kg5 82. Kg7 Rd7+ 83. Kg8 Kg6 84. Kf8 Kf6 85. Ke8 Ke6 86. Kf8 Kf6 87. Kg8 Kg6 88. Kh8 Rc7 89. Kg8 Rc8# 0-1,,5k2/6p1/5p1p/8/4pK2/2r1P2P/6P1/8 b - - 3 41,1
Rated Correspondence game,https://lichess.org/OTHGTgKX,2018.11.08,-,HushPuppies,darthveder,1-0,2018.11.08,07:35:17,1310,1500,+154,-296,Standard,-,C40,Normal,1. e4 e5 2. Nf3 Bd6 3. a3 f6 4. c4 Nc6 5. Be2 Nge7 6. b3 Nd4 7. Nxd4 exd4 8. d3 Be5 9. Nd2 d6 10. O-O Bd7 11. Bb2 Ng6 12. Bh5 Qe7 13. Bg4 O-O-O 14. c5 Bf4 15. Bxd4 dxc5 16. Be3 Bxe3 17. fxe3 Ne5 18. h3 Nxd3 19. a4 Bxg4 20. Qxg4+ f5 21. Qxf5+ Qd7 22. Nc4 Rhf8 23. Qxd7+ Rxd7 24. Rxf8+ Rd8 25. Rxd8+ Kxd8 26. Rd1 1-0,,,
Rated Correspondence game,https://lichess.org/zZqbH4il,2018.11.08,-,HushPuppies,tabatabataba,0-1,2018.11.08,06:11:17,1310,1500,-80,+109,Standard,-,C40,Normal,1. e4 e5 2. Nf3 Bd6 3. Nc3 b6 4. d4 Bb7 5. d5 Nf6 6. a3 h6 7. h3 O-O 8. Bc4 Qe8 9. O-O Bc5 10. Be3 Bxe3 11. fxe3 d6 12. Nb5 Na6 13. b3 Nxe4 14. a4 c6 15. dxc6 Qxc6 16. Bd5 Qxd5 17. Qxd5 Bxd5 18. c4 Be6 19. Rad1 Rad8 20. b4 Bxc4 21. Rfe1 Nxb4 22. Nxa7 Nc2 23. Nd2 Nxd2 24. Rxd2 Nxe1 25. Nc6 Rde8 26. Rxd6 f6 27. Nb4 Rd8 28. Rxb6 Rd1 29. a5 Ra1 30. a6 Ra8 31. Nc6 R1xa6 32. Rxa6 Bxa6 33. Ne7+ Kf7 34. Nf5 Bc8 35. Nd6+ Kf8 36. Nxc8 Rxc8 37. Kf2 Rc2+ 38. Kxe1 Rc1+ 39. Kf2 e4 40. Kg3 Rc3 41. Kf4 0-1,,,
Rated Rapid game,https://lichess.org/RNtDOVPc,2018.11.07,-,uccchess,HushPuppies,0-1,2018.11.07,04:21:58,1150,1151,-11,+11,Standard,-,C25,Normal,1. e4 e5 2. Nc3 Nc6 3. Bc4 d6 4. d3 a6 5. Be3 Be6 6. f4 Bxc4 7. dxc4 exf4 8. Bxf4 h6 9. Qf3 Ne5 10. Bxe5 dxe5 11. Rd1 Bd6 12. c5 Qh4+ 13. g3 Qg5 14. cxd6 cxd6 15. Nd5 O-O-O 16. Nb6+ Kb8 17. Qxf7 Nf6 18. Nf3 Qe3+ 19. Kf1 Qxf3+ 20. Kg1 Qxd1+ 21. Kg2 Qe2+ 22. Kh3 Qg4+ 23. Kg2 Qxe4+ 24. Kg1 Qe3+ 25. Kg2 Qxb6 26. Qxg7 Ne4 27. b3 Qf2+ 28. Kh3 Ng5+ 29. Kh4 Nf3+ 30. Kh3 Ng1+ 31. Kg4 Qg2 32. Rxg1 Qxg1 33. h4 Rhg8 34. Qxg8 Rxg8+ 35. Kh5 Qxg3 36. c4 Rg5+ 37. hxg5 Qxg5# 0-1,,,
Rated Rapid game,https://lichess.org/2XodxWic,2018.11.07,-,descartes76,HushPuppies,0-1,2018.11.07,01:48:45,1008,1144,-9,+7,Standard,600+0,B07,Normal,1. e4 e5 2. d4 d6 3. d5 c6 4. Nc3 cxd5 5. Nxd5 Nc6 6. Bb5 a6 7. Bxc6+ bxc6 8. Nc3 Nf6 9. f3 Bb7 10. Nge2 d5 11. O-O d4 12. Na4 Bd6 13. Bg5 h6 14. Bxf6 Qxf6 15. Nb6 Rd8 16. c3 Bc5 17. b4 Bxb6 18. a4 dxc3+ 19. Kh1 Rxd1 0-1,,,
Rated Rapid game,https://lichess.org/qlwiDAzW,2018.11.06,-,Juanjoseher23,HushPuppies,1-0,2018.11.06,16:57:32,1068,1158,+13,-14,Standard,600+0,C23,Normal,1. e4 e5 2. Bc4 Nf6 3. f4 d6 4. fxe5 dxe5 5. Nf3 Nc6 6. O-O Bd6 7. Ng5 O-O 8. Nxf7 Rxf7 9. Bxf7+ Kxf7 10. Qh5+ 1-0,,,
Rated Rapid game,https://lichess.org/LL3lQOxy,2018.11.06,-,HushPuppies,pronetolose,1-0,2018.11.06,11:24:10,1148,1090,+10,-9,Standard,600+0,C40,Normal,1. e4 e5 2. Nf3 Bc5 3. Nxe5 Qe7 4. d4 d6 5. dxc5 Qxe5 6. Qd5 Qxd5 7. exd5 dxc5 8. c4 Bf5 9. Nc3 Na6 10. a3 O-O-O 11. Be2 Re8 12. O-O Bc2 13. Be3 Nf6 14. h3 Be4 15. Rfd1 Bxg2 16. Kxg2 Ne4 17. Nb5 Nxf2 18. Kxf2 Re4 19. d6 c6 20. Nc3 Rxc4 21. Bxc4 Kd7 1-0,,,
Rated Rapid game,https://lichess.org/fQ2ztDTd,2018.11.06,-,HushPuppies,f0xy_d,0-1,2018.11.06,07:52:18,1159,1180,-11,+10,Standard,600+0,C22,Normal,1. e4 e5 2. d4 exd4 3. Qxd4 Nc6 4. Qe3 Nf6 5. h3 Qe7 6. Bd3 d5 7. exd5 Qxe3+ 8. Bxe3 Nxd5 9. c4 Nxe3 10. fxe3 g6 11. Nc3 Bg7 12. Ne4 O-O 13. O-O-O Bf5 14. Rf1 Rad8 15. Kb1 Rxd3 16. Rxf5 gxf5 17. Nc5 Rxe3 18. Nf3 Rfe8 19. Nd7 Ne5 20. Ndxe5 Bxe5 21. a3 Re2 22. g4 Rxb2+ 23. Kc1 Rb3 24. Rg1 Rxf3 25. gxf5+ Kf8 26. Rg5 0-1,,,
Rated Rapid game,https://lichess.org/DG0PgcK0,2018.11.05,-,HushPuppies,misfit87,1-0,2018.11.05,20:20:43,1149,1107,+10,-9,Standard,600+0,C20,Time forfeit,1. e4 e5 2. d3 Nf6 3. g3 d6 4. h3 Nc6 5. Nc3 Nd4 6. Be3 Bd7 7. Nge2 Nxe2 8. Qxe2 c6 9. Bg5 Be7 10. Bg2 O-O 11. O-O-O g6 12. h4 h5 13. Bxf6 Bxf6 14. g4 Bxg4 15. Bf3 Bxf3 16. Qxf3 b5 17. b4 Qb6 18. Qxf6 Qd4 19. Kd2 d5 20. Qxc6 Qxf2+ 21. Ne2 Rac8 22. Qxd5 Rfd8 23. Qxe5 f6 24. Qxb5 Qf3 25. Rhg1 f5 26. Rxg6+ Kf8 27. Rg5 fxe4 28. Rf5+ Qxf5 29. Qxf5+ Ke8 30. Qxe4+ Kd7 31. Rf1 1-0,,,
Casual Correspondence game,https://lichess.org/tjXFrZHq,2018.11.05,-,darthveder,HushPuppies,0-1,2018.11.05,08:30:04,1500,1310,,,Standard,600+0,D00,Normal,1. d4 d5 2. c3 e6 3. Nd2 c5 4. e3 Nc6 5. Bd3 a6 6. g3 Nf6 7. a3 cxd4 8. cxd4 Bd6 9. Nb3 O-O 10. Bd2 a5 11. Nf3 Ne4 12. Ng5 Nxg5 13. Qh5 Ne4 14. f3 Nf6 15. Qg5 Qe7 16. e4 a4 17. e5 h6 18. exd6 Qxd6 19. Qf4 Qxf4 20. gxf4 axb3 21. Rg1 Nxd4 22. f5 Nxf3+ 23. Kf1 Nxg1 24. Kxg1 exf5 25. Re1 Bd7 26. Bb4 Rfe8 27. Re7 Rxe7 28. Bxe7 Re8 0-1,,,
Rated Rapid game,https://lichess.org/Wm76YQ78,2018.11.04,-,manofire88,HushPuppies,0-1,2018.11.04,06:50:26,1147,1137,-12,+12,Standard,-,C25,Normal,1. e4 e5 2. Nc3 Bc5 3. h3 d6 4. Nf3 Nf6 5. d3 O-O 6. Nd5 Nxd5 7. exd5 h6 8. g4 b6 9. h4 Bxg4 10. Be2 Nd7 11. Bxh6 gxh6 12. Rg1 h5 13. Nh2 f5 14. f3 Qxh4+ 15. Kd2 Qg5+ 16. Kc3 Bd4+ 17. Kb3 Nc5+ 18. Ka3 Bxg1 19. Nxg4 fxg4 20. Qxg1 Qf4 21. c4 Qd2 22. b4 Qxe2 23. fxg4 Qxd3+ 24. Kb2 Na4+ 25. Kc1 Qc3+ 26. Kb1 Qb2# 0-1,,,
Casual Correspondence game,https://lichess.org/mt1Xufwj,2018.11.04,-,HushPuppies,lichess AI level 8,0-1,2018.11.04,01:21:02,1310,?,,,Standard,600+0,C00,Normal,1. e4 e6 2. Bc4 d5 3. Bb5+ c6 4. Ba4 dxe4 5. f3 b5 6. Nc3 exf3 0-1,,,
Casual Correspondence game,https://lichess.org/XmjafZgc,2018.11.04,-,lichess AI level 8,HushPuppies,1-0,2018.11.04,01:15:22,?,1310,,,Standard,-,C44,Normal,1. e4 e5 2. Nf3 Nc6 3. d4 d6 4. d5 Nce7 5. Bd3 Bg4 6. h3 Bxf3 7. Qxf3 Nf6 8. Bg5 Qd7 9. Nc3 O-O-O 10. a4 Nxe4 11. Nxe4 Nxd5 12. Bxd8 Qxd8 13. Bc4 Nb4 14. O-O-O d5 15. Bxd5 Nxd5 16. Qxf7 Bb4 17. Rxd5 Bd6 18. Rhd1 1-0,,,
Rated Bullet game,https://lichess.org/nyhrDVtV,2018.11.03,-,ig_castro,HushPuppies,1-0,2018.11.03,16:54:37,1068,987,+8,-23,Standard,-,A01,Time forfeit,1. b3 c5 2. Bb2 Nc6 3. g3 e6 4. Bg2 f5 5. e3 g6 6. Bxh8 Nf6 7. Nf3 Be7 8. Bg7 Kf7 9. Bxf6 Bxf6 10. Nc3 b6 11. Qe2 Ba6 12. O-O-O Bxe2 13. Rde1 Bxf3 14. Bxf3 Qc8 15. h4 Qa6 16. a4 b5 17. axb5 Qa1+ 18. Nb1 Nb4 19. c3 Na2+ 20. Kc2 d5 21. e4 Bxc3 22. dxc3 Nxc3 23. Nxc3 Qa5 24. exd5 Qb4 25. dxe6+ Kf6 26. Bxa8 f4 27. e7 c4 28. bxc4 Qa4+ 29. Kd3 1-0,,,
Rated Antichess game,https://lichess.org/lN1DRvON,2018.11.01,-,HushPuppies,VVP13,0-1,2018.11.01,19:26:36,1500,1797,-72,+4,Antichess,60+0,?,Normal,1. h3 d6 2. a3 Bxh3 3. gxh3 Qd7 4. h4 Qh3 5. Nxh3 g5 6. hxg5 h6 7. gxh6 Rxh6 8. Rh2 Rxh3 9. Rxh3 Bh6 10. Rxh6 Nxh6 11. Bh3 Nf5 12. Bxf5 e6 13. Bxe6 fxe6 14. a4 b5 15. axb5 Na6 16. bxa6 Kd7 17. b3 Kc6 18. c4 Kb7 19. axb7 Rc8 20. bxc8=N c6 21. Nxa7 e5 22. Nxc6 d5 23. cxd5 e4 24. d3 exd3 25. exd3# 0-1,,,
Rated Rapid game,https://lichess.org/WxbLY0sb,2018.11.01,-,alomak,HushPuppies,0-1,2018.11.01,16:37:16,1138,1126,-11,+11,Standard,30+3,B30,Time forfeit,1. e4 c5 2. Nf3 Nc6 3. Bc4 h6 4. d3 a6 5. a3 b5 6. Bb3 e6 7. O-O Nf6 8. h3 d5 9. exd5 Nxd5 10. Re1 Bd6 11. Bxd5 Bb7 12. Bxc6+ Bxc6 13. Qe2 O-O 14. c4 Bxf3 15. Qxf3 Qa5 16. Bd2 Qa4 17. Nc3 Qb3 18. Rab1 Rfd8 19. Ne4 Be7 20. Qg3 Rxd3 21. Be3 Qxc4 22. Nd2 Qa4 23. Rbc1 Bg5 24. Bxg5 Rxg3 0-1,,,
Rated Rapid game,https://lichess.org/zOmPIf1Z,2018.11.01,-,HushPuppies,Xetherion,0-1,2018.11.01,12:31:23,1136,1171,-10,+9,Standard,600+0,C44,Time forfeit,1. e4 e5 2. Nf3 Nc6 3. d3 d5 4. exd5 Qxd5 5. Nc3 Qa5 6. a3 b5 7. Be3 b4 8. axb4 Qxb4 9. Ra4 Qxb2 10. Bd2 Bd6 11. Be2 Nge7 12. O-O O-O 13. Ra6 Bxa6 14. Na4 Qb5 15. Qa1 Qb7 16. c3 e4 17. dxe4 Bxe2 18. Rb1 Nb4 19. cxb4 Bxf3 20. gxf3 Rab8 21. b5 a6 22. Bb4 axb5 23. Bxd6 cxd6 24. Nc3 Qa8 25. Qxa8 Rxa8 26. Rxb5 Ng6 27. Nd5 Rac8 28. f4 Nh4 29. Ne7+ Kh8 30. Nxc8 Rxc8 31. h3 Nf3+ 32. Kg2 Nd4 33. Rd5 Ne2 34. Rxd6 Nxf4+ 35. Kg3 Ne6 36. f4 g6 37. e5 Kg7 38. Kf3 h5 39. Ke4 Re8 40. f5 gxf5+ 41. Kxf5 Nc7 42. Rd7 Nb5 43. Ke4 Nc3+ 44. Kd4 Ne2+ 45. Kd5 Nf4+ 46. Kd6 Nxh3 47. Re7 Rxe7 48. Kxe7 Nf4 49. e6 Nxe6 0-1,,,
Rated Rapid game,https://lichess.org/Sw0aAqRk,2018.11.01,-,HushPuppies,francisbrunel,0-1,2018.11.01,12:29:29,1147,1165,-11,+10,Standard,600+0,C44,Normal,1. e4 e5 2. Nf3 Nc6 3. c3 d5 4. d3 dxe4 5. d4 exf3 0-1,,,
Rated Rapid game,https://lichess.org/fkCeJpEo,2018.11.01,-,JRQ,HushPuppies,1-0,2018.11.01,03:00:25,1164,1158,+10,-11,Standard,600+0,C62,Time forfeit,1. e4 e5 2. Nf3 Nc6 3. Bb5 d6 4. Bxc6+ 1-0,,,
Rated Rapid game,https://lichess.org/O9QKzfna,2018.10.31,-,HushPuppies,lisspamtest,0-1,2018.10.31,02:06:38,1173,1072,-15,+13,Standard,600+0,B01,Normal,1. e4 d5 2. Nc3 d4 3. Nd5 c6 4. Nf4 e5 5. Nh5 g6 6. Ng3 h5 7. d3 h4 8. N3e2 g5 9. Nf3 f6 10. Bd2 a5 11. a3 Bg4 12. h3 Bxf3 13. gxf3 Qb6 14. Bxg5 fxg5 15. Qd2 Be7 16. Rg1 Rh5 17. Rg4 Nh6 18. Rg2 Qxb2 19. Qd1 Bxa3 20. Rxa3 Qxa3 21. f4 exf4 22. Nxd4 Qb4+ 23. Ke2 Qxd4 24. Kf3 Nd7 25. Rg1 Ne5+ 26. Kg2 f3+ 27. Kh1 O-O-O 28. c3 Qxc3 29. Qa4 b5 30. Qa2 Re8 31. d4 Qxd4 32. Qxa5 Kb7 33. Bxb5 Qb6 34. Qd2 Qxb5 35. Qd7+ 0-1,,,
Rated Rapid game,https://lichess.org/duqOqP8y,2018.10.31,-,pekosf2004,HushPuppies,0-1,2018.10.31,01:52:28,1110,1163,-14,+10,Standard,600+0,B32,Time forfeit,1. e4 c5 2. Nf3 Nc6 3. d4 d6 4. dxc5 dxc5 5. Qxd8+ Nxd8 6. b3 Nf6 7. e5 Ng4 8. Nc3 e6 9. Nb5 Rb8 10. Bb2 a6 11. Nd6+ Bxd6 12. exd6 O-O 13. O-O-O Nxf2 14. Ba3 Nxd1 15. Bc4 Ne3 0-1,,,
Rated Rapid game,https://lichess.org/qwYwWSMO,2018.10.31,-,HushPuppies,shivamS,0-1,2018.10.31,01:49:59,1173,1215,-10,+9,Standard,600+0,B00,Normal,1. e4 a5 2. a4 h5 3. h3 d5 4. Nc3 d4 5. Nd5 c6 6. Nf4 g5 7. Nd3 h4 8. Nf3 f6 9. Nxd4 Qxd4 10. c3 0-1,,,
Rated Rapid game,https://lichess.org/Zusfvz9e,2018.10.31,-,sumanthbhupalam,HushPuppies,1-0,2018.10.31,00:23:16,1184,1185,+11,-12,Standard,600+0,B23,Normal,1. e4 c5 2. Nc3 e6 3. Bb5 Nc6 4. a3 a6 5. Bd3 d5 6. exd5 exd5 7. Qe2+ Be6 8. Nf3 h6 9. O-O Be7 10. Na4 Nf6 11. h3 O-O 12. Qd1 c4 13. Be2 Ne4 14. d3 Nxf2 15. Rxf2 b5 16. Nc3 Qd6 17. dxc4 Qg3 18. cxd5 Ne5 19. Ne4 Bxh3 20. Nxg3 1-0,,,
Rated Rapid game,https://lichess.org/jXOZ9Ihb,2018.10.30,-,HushPuppies,Yago2772,0-1,2018.10.30,04:47:19,1195,1270,-10,+9,Standard,600+0,C44,Normal,1. e4 e5 2. Nf3 Nc6 3. c3 Bc5 4. d4 exd4 5. Be3 dxe3 0-1,,,
Rated Rapid game,https://lichess.org/W5riEQF9,2018.10.30,-,HushPuppies,ScottMcDonald,1-0,2018.10.30,04:27:42,1182,1202,+13,-11,Standard,600+0,C44,Normal,1. e4 e5 2. Nf3 Nc6 3. d3 Nf6 4. c4 h6 5. b4 Nd4 6. Nxd4 exd4 7. b5 Bb4+ 8. Bd2 Bxd2+ 9. Nxd2 O-O 10. Nf3 Re8 11. Nxd4 d6 12. Be2 Nxe4 13. O-O Nc3 14. Qc2 Rxe2 15. Nxe2 Nxe2+ 16. Qxe2 Qd7 17. Rfe1 Qe6 18. h3 Qxe2 19. Rxe2 Be6 20. Rae1 Re8 21. a4 c6 22. bxc6 bxc6 23. d4 Kf8 24. Kh2 d5 25. Kg3 dxc4 26. Rc1 f5 27. Re5 Kf7 28. Rc5 Rd8 29. Rxc6 Rxd4 30. Kh2 Rd3 31. Rc7+ Kf6 32. Rc6 g5 33. R1xc4 Kg6 34. Rxe6+ Kh5 35. Rcc6 1-0,,,
Casual Correspondence game,https://lichess.org/Oz5p8qcP,2018.10.30,-,HushPuppies,Anonymous,0-1,2018.10.30,03:45:52,1310,?,,,Standard,600+0,D00,Normal,1. d4 d5 2. Bf4 Bf5 3. h3 Nd7 4. e3 e6 5. Bd3 g6 6. Nf3 Bb4+ 7. c3 Ngf6 8. Bxf5 gxf5 9. Qa4 Bd6 10. Ne5 Bxe5 11. Bxe5 Qe7 12. O-O a6 13. Nd2 O-O-O 14. Qa5 Nxe5 15. dxe5 Ne4 16. Nf3 Rhg8 17. Rac1 Ng5 18. Nxg5 Qxg5 19. h4 Qxg2# 0-1,,,
Rated Rapid game,https://lichess.org/Qh0lOJ8t,2018.10.29,-,joaoncl,HushPuppies,1-0,2018.10.29,23:14:18,1220,1193,+10,-11,Standard,-,C30,Normal,1. e4 e5 2. f4 d6 3. Nf3 Nc6 4. Nc3 Bg4 5. Bc4 Bxf3 6. Qxf3 Nd4 7. Qd3 Qh4+ 8. g3 Qh3 9. Nd5 Ne7 10. Nxc7+ Kd8 11. fxe5 dxe5 12. Nxa8 Qg2 13. Rf1 Qxh2 14. b3 g5 15. Bb2 Nc6 16. Bd5 g4 17. Bxc6 Bb4 18. Bxd4 Bxd2+ 19. Kd1 1-0,,,
Casual Standard game,https://lichess.org/AjpnWwk0,2018.10.29,-,Anonymous,HushPuppies,1-0,2018.10.29,04:39:47,?,1193,,,From Position,600+0,?,Normal,1. Ncd4 Nh4 2. Rh1 N6f5 3. Nxf5 Rfxf5 4. Bxf5 Bxf5 5. Raxh4 Bg4 6. Rxg4 Qxg4 7. Rxh5+ Qxh5 8. Rh3+ Re5 9. Rxh5+ 1-0,,4rnbk/5nqb/5rnn/7r/R7/NNR5/BQN5/KBNR4 w Kq - 0 1,1
Casual Rapid game,https://lichess.org/tNkNh3kQ,2018.10.29,-,HushPuppies,Anonymous,0-1,2018.10.29,04:16:20,1193,?,,,Standard,600+0,D00,Normal,1. d4 d5 2. Bf4 e6 3. Nf3 Nf6 4. Bg5 c5 5. e3 Nc6 6. Bb5 Qa5+ 7. Nc3 Ne4 8. Bf4 Nxc3 9. bxc3 Qxb5 10. a4 Qb2 11. Rb1 Qxc3+ 12. Nd2 cxd4 13. Rb3 Qa5 14. O-O Qxa4 15. Qg4 e5 16. Qg5 h6 17. Qh5 exf4 18. exf4 Bb4 19. Re1+ Kf8 20. Qxd5 Bxd2 21. Rd1 Bxf4 22. c3 Be6 23. Qd6+ Bxd6 24. Rdb1 Bxb3 25. Ra1 Qxa1# 0-1,,,
Rated Rapid game,https://lichess.org/jjm68SEM,2018.10.29,-,HushPuppies,mcostaconrado,1-0,2018.10.29,03:59:14,1186,1023,+7,-6,Standard,600+0,D00,Normal,1. d4 d5 2. Bf4 Nf6 3. e3 Bg4 4. Be2 Bxe2 5. Nxe2 e6 6. O-O Ng4 7. h3 Nf6 8. Bg5 Be7 9. Bxf6 Bxf6 10. c3 Bh4 11. Qa4+ c6 12. Qb4 Qf6 13. f3 Na6 14. Qxb7 O-O 15. Qxa6 Rab8 16. Qxa7 Rxb2 17. a4 Rxe2 18. Na3 Rxe3 19. Nb5 cxb5 20. axb5 Rxc3 21. Rfb1 Qg6 22. Qa8 Rxf3 23. Rf1 Rxh3 24. Qxf8+ Kxf8 25. Ra8+ Ke7 26. Ra7+ Kd6 27. Ra6+ Ke7 28. Ra7+ Kd8 29. Rfxf7 Qb1+ 30. Rf1 Qf5 31. Rxf5 exf5 32. gxh3 Bg3 33. b6 Kc8 34. Rxg7 f4 35. Rxh7 f3 36. Kf1 Kd8 37. b7 Ke8 38. Rg7 Bf4 39. Kf2 Kf8 40. Rh7 Kg8 41. Rd7 Kf8 42. Kxf3 Bh2 43. Kg4 Ke8 44. Rh7 Kd8 45. Kf5 Ke8 46. Kf6 Kd8 47. Ke6 Ke8 48. Rh8# 1-0,,,
Rated Rapid game,https://lichess.org/vwAhgE9e,2018.10.29,-,jjwoodee,HushPuppies,0-1,2018.10.29,03:44:41,987,1180,-5,+6,Standard,600+0,D02,Normal,1. d4 d5 2. Nf3 Nc6 3. c3 f6 4. e3 e5 5. Nbd2 Bg4 6. h3 Bh5 7. Bd3 e4 8. g4 exd3 9. Qb3 Qd6 10. Qxb7 Rb8 11. Qa6 Rb6 12. Qxd3 Bg6 13. Qe2 h5 14. Rg1 h4 15. c4 dxc4 16. Nxc4 Qb4+ 17. Bd2 Rb5 18. Bxb4 Nxb4 19. Na3 Bd3 20. Qd2 Nxa2 21. Rxa2 Bb4 22. Qxb4 Rxb4 23. Nc2 Bxc2 24. Rxa7 Be4 25. Rxc7 Bxf3 26. Kd2 Ne7 27. Ra1 Kf7 28. Kc3 Rb7 29. Rxb7 Bxb7 30. Ra7 Bg2 31. Ra5 Bxh3 32. b4 Bxg4 33. Kc4 h3 34. Kc5 h2 35. b5 h1=Q 36. b6 Qc6+ 37. Kb4 Qxb6+ 38. Rb5 Qd6+ 39. Ka5 Ra8# 0-1,,,
Rated Rapid game,https://lichess.org/fGS6wn8J,2018.10.29,-,HushPuppies,A4B7A8D1,0-1,2018.10.29,03:35:12,1193,1171,-13,+11,Standard,600+0,D00,Normal,1. d4 d5 2. c3 e6 3. e3 Nf6 4. Nf3 Ne4 5. Bd3 Nd7 6. Bxe4 dxe4 7. Nfd2 Nf6 8. b3 Bd6 9. c4 c6 10. Nc3 e5 11. O-O exd4 12. exd4 c5 13. Ncxe4 cxd4 14. Nxd6+ Qxd6 15. Re1+ Be6 16. Ne4 Nxe4 17. Rxe4 f5 18. Rxd4 Qe5 19. Bg5 h6 20. Rd8+ Rxd8 21. Qxd8+ Kf7 22. Qxh8 Qxa1+ 23. Bc1 Qxc1# 0-1,,,
Rated Rapid game,https://lichess.org/s23AiDED,2018.10.29,-,HushPuppies,McKennaBeater,0-1,2018.10.29,03:26:24,1201,1335,-8,+6,Standard,600+0,B20,Normal,1. e4 c5 2. Bc4 Nc6 3. d3 Nf6 4. f4 e6 5. g4 Bd6 6. f5 Be5 7. Bg5 h6 8. Bh4 g5 9. fxg6 fxg6 10. g5 hxg5 11. Bxg5 Bxb2 12. Nf3 Bxa1 13. c3 a6 14. O-O b5 15. e5 Nxe5 16. Bxf6 Qxf6 17. Nxe5 Qg5+ 18. Ng4 bxc4 19. Qf3 d5 20. Qf7+ Kd8 21. Qf3 cxd3 0-1,,,
Rated Rapid game,https://lichess.org/g9ayaKUo,2018.10.29,-,Nitizdevil,HushPuppies,1-0,2018.10.29,03:18:08,1430,1206,+4,-5,Standard,600+0,D01,Normal,1. Nf3 d5 2. d4 e6 3. Bg5 Nf6 4. Nc3 Bb4 5. Qd2 Ne4 6. Qe3 Nxg5 7. Nxg5 Qe7 8. O-O-O h6 9. Nf3 O-O 10. Qd3 a5 11. e4 Bxc3 12. Qxc3 Nc6 13. Re1 a4 14. exd5 Na5 15. dxe6 Bxe6 16. d5 Qd6 17. dxe6 fxe6 18. Bc4 c6 19. Rxe6 Qd7 20. Rd6+ Qf7 21. Bxf7+ Rxf7 22. Rhd1 1-0,,,
Rated Bullet game,https://lichess.org/ack41oks,2018.10.28,-,HushPuppies,boriborza,1-0,2018.10.28,21:36:16,954,998,+33,-44,Standard,600+0,B07,Normal,1. e4 d6 2. d3 c5 3. f3 b6 4. Be3 f6 5. Ne2 Ba6 6. g3 Nd7 7. Bh3 Ne5 8. O-O Bb5 9. d4 a5 10. dxe5 a4 11. c4 dxe5 12. cxb5 Ra5 13. Qxd8+ Kxd8 14. Rd1+ Kc7 15. Nbc3 e6 16. Rd2 Bd6 17. Rad1 a3 18. Rxd6 axb2 19. Rb1 c4 20. Rc6+ Kd8 21. Nd5 Kd7 22. Nxf6+ Nxf6 23. Rxb2 Kd8 24. Rd2+ Ke7 25. g4 Nd7 26. Bg5+ Kf7 27. Rc7 Rd8 28. Rdxd7+ Ke8 29. Re7+ Kf8 30. Rf7+ Ke8 31. Rce7# 1-0,,,
Rated Rapid game,https://lichess.org/lM3rNLxi,2018.10.28,-,HushPuppies,aviIsKing,0-1,2018.10.28,21:16:59,1223,1095,-17,+15,Standard,60+0,B00,Normal,1. e4 g5 2. d4 d5 3. e5 f6 4. Qh5+ Kd7 5. Bb5+ c6 6. Qg4+ Kc7 7. Qg3 cxb5 8. exf6+ Kb6 9. f7 Nh6 10. Qe5 Nxf7 11. Qe3 e5 12. dxe5+ Ka6 13. e6 Nd6 14. Nf3 Bh6 15. Qa3+ Kb6 16. Be3+ Kc7 17. O-O Nc4 18. Qc3 Bxe6 19. b3 a6 20. bxc4 Nc6 21. Rd1 b4 22. Qe5+ Nxe5 23. Nd4 Bg7 24. Nxe6+ Kd7 25. Nxd8 Kxd8 26. c3 Nxc4 27. Rxd5+ Kc7 28. Nd2 Nxd2 29. Bxd2 Rhd8 30. Rxg5 Rxd2 31. Rxg7+ Kb6 32. Rxh7 bxc3 33. Rh3 c2 34. Rh6+ Ka7 35. Rc1 Rd1+ 0-1,,,
Rated Rapid game,https://lichess.org/bqXGw3Np,2018.10.28,-,king33,HushPuppies,1-0,2018.10.28,21:07:13,1210,1237,+11,-14,Standard,600+0,D01,Normal,1. d4 d5 2. Nc3 Nf6 3. Bf4 e6 4. Nb5 Bd6 5. Qd2 a6 6. Nxd6+ cxd6 7. O-O-O O-O 8. Nh3 h6 9. e3 Ne4 10. Qd3 Qa5 11. a3 Nc6 12. f3 e5 13. fxe4 Bxh3 14. gxh3 exf4 15. exf4 dxe4 16. Qxe4 Rfe8 17. Qg2 Nxd4 18. Rg1 Rac8 19. Qxg7# 1-0,,,
Rated Rapid game,https://lichess.org/D3KHXVhD,2018.10.28,-,mrsnickk,HushPuppies,0-1,2018.10.28,20:54:43,1132,1227,-8,+10,Standard,600+0,C24,Normal,1. e4 e5 2. Bc4 Nf6 3. d3 Bb4+ 4. Nd2 b6 5. Nf3 Bb7 6. O-O O-O 7. Nb3 Bc5 8. Bg5 d5 9. Bxf6 Qxf6 10. Bxd5 Bxd5 11. exd5 Re8 12. Nxc5 bxc5 13. Qd2 h6 14. Rae1 c6 15. c4 cxd5 16. cxd5 Nd7 17. Re2 Re7 18. Rfe1 Rae8 19. d6 Qxd6 20. d4 cxd4 21. Nxd4 exd4 22. Rxe7 Rxe7 23. Rxe7 Qxe7 24. Qxd4 Qe1# 0-1,,,
Rated Rapid game,https://lichess.org/oO3KfsnQ,2018.10.28,-,HushPuppies,overlapwin,0-1,2018.10.28,20:33:29,1235,1391,-8,+6,Standard,600+0,A45,Normal,1. d4 Nf6 2. Bf4 e6 3. e3 Bb4+ 4. c3 Ba5 5. Nf3 d5 6. Be2 Nbd7 7. h3 c5 8. O-O O-O 9. Bd3 Ne4 10. Ng5 f5 11. Nxe4 fxe4 12. Bc2 c4 13. Bd6 Rf6 14. Qh5 Rg6 15. f3 Nf6 16. Qh4 Qxd6 17. fxe4 e5 18. exd5 Rh6 19. Qg3 Qxd5 20. dxe5 Nh5 21. Qf3 Qxf3 22. Rxf3 Be6 23. Nd2 Bb6 24. Kh1 a5 25. Raf1 Bc5 26. Bxh7+ Rxh7 27. Rf8+ Bxf8 0-1,,,
Rated Rapid game,https://lichess.org/5oH2T5nc,2018.10.28,-,klausjazz,HushPuppies,0-1,2018.10.28,19:10:28,1229,1222,-10,+13,Standard,600+0,C42,Normal,1. e4 e5 2. Nf3 Nf6 3. d3 Nc6 4. Be2 d6 5. Bg5 h6 6. Bxf6 Qxf6 7. O-O Be7 8. a3 Qg6 9. h3 Bxh3 10. Nh4 Bxh4 11. Kh2 Qxg2# 0-1,,,
Rated Rapid game,https://lichess.org/XEQfmJ26,2018.10.28,-,HushPuppies,Pontus3000,0-1,2018.10.28,09:33:41,1232,1237,-10,+99,Standard,600+0,C44,Normal,1. e4 e5 2. Nf3 Nc6 3. c3 Nf6 4. d3 Be7 5. Be3 O-O 6. d4 exd4 7. Nxd4 Nxd4 8. Qxd4 d6 9. Bg5 h6 10. Bh4 Re8 11. Bd3 Bg4 12. e5 dxe5 13. Qxe5 Bd6 14. Qxe8+ Qxe8+ 15. Kd2 Ne4+ 16. Kc2 a6 17. Re1 Qa4+ 18. b3 Qc6 19. Rxe4 Bf5 20. Re3 Bxd3+ 21. Rxd3 Qxg2 22. Bg3 Qe4 23. Bxd6 cxd6 24. Nd2 Qg2 25. Re1 Qxf2 26. Rde3 Qxh2 27. Re7 b5 28. R1e2 Qf4 29. R7e4 Qf5 30. b4 Re8 31. Kb3 Rxe4 32. Nxe4 Qd5+ 33. Kb2 Qd3 34. Nf6+ gxf6 35. Re8+ Kg7 36. Re7 Qd2+ 37. Kb1 Qd1+ 38. Kb2 Qd2+ 39. Kb1 h5 40. Re4 Qxc3 41. Re1 Qxe1+ 0-1,,,
Rated Rapid game,https://lichess.org/tTuqM9IP,2018.10.28,-,PsyPsyThrowAway,HushPuppies,0-1,2018.10.28,09:14:33,1155,1222,-12,+10,Standard,600+0,D11,Time forfeit,1. d4 d5 2. Nf3 Nf6 3. c4 c6 4. b4 e6 5. Ne5 Qc7 6. Bf4 Bxb4+ 7. Bd2 Bxd2+ 8. Qxd2 O-O 9. Nc3 a6 10. cxd5 exd5 11. e3 Bf5 12. Qb2 b5 13. Qb4 Nbd7 14. f4 Nxe5 15. fxe5 Nd7 16. Qd6 Qxd6 17. exd6 Rad8 18. a4 b4 19. Ne2 Bd3 20. Nf4 Bxf1 21. Rxf1 Rfe8 22. Rc1 Nb8 23. Ne6 Rxd6 24. Nc7 Re7 25. Rf2 Rxc7 26. e4 dxe4 27. Rf4 Re7 28. Rxe4 Rxe4+ 29. Kd2 Rdxd4+ 30. Kc2 Rc4+ 31. Kb1 Rxc1+ 32. Kxc1 Re2 33. Kb1 Rxg2 34. a5 f5 35. h4 f4 36. h5 f3 37. h6 f2 38. Kb2 f1=Q+ 39. Kb3 Qf7+ 40. Ka4 Ra2+ 41. Kxb4 Qe7+ 42. Kb3 Qe6+ 43. Kc3 Qb3+ 44. Kd4 Rd2+ 45. Ke5 Qe3+ 0-1,,,
Rated Bullet game,https://lichess.org/JxBopMjN,2018.10.28,-,BlunderDownUnder,HushPuppies,0-1,2018.10.28,09:08:42,865,926,-9,+28,Standard,600+0,C41,Time forfeit,1. e4 d6 2. Nf3 e5 3. Bd3 c6 4. O-O Bg4 5. h3 Bxf3 6. Qxf3 Qe7 7. Be2 Nd7 8. d3 O-O-O 9. c3 Ngf6 10. d4 h5 11. dxe5 Nxe4 12. Qxe4 g5 13. Be3 Nxe5 14. Qa4 Kd7 15. Qxa7 Bg7 16. Bxh5 g4 17. f4 gxh3 18. Bg4+ Nxg4 19. Bf2 Nxf2 20. Rxf2 Qe1+ 21. Rf1 Qe4 22. Nd2 Qd3 23. Qa5 b5 0-1,,,
Rated Bullet game,https://lichess.org/3nDhyDyL,2018.10.28,-,HushPuppies,amruthaananth-1967,1-0,2018.10.28,06:06:58,897,821,+29,-9,Standard,60+0,C40,Time forfeit,1. e4 e5 2. Nf3 c6 3. d3 Qb6 4. Be3 Qb4+ 5. Bd2 Qxb2 6. Nc3 Ba3 7. Nxe5 Nf6 8. Nxf7 Kxf7 9. d4 Nxe4 10. Nxe4 Qxd4 11. Bd3 Bb2 12. Rb1 Ba3 13. O-O c5 14. c3 Qe5 15. Qe2 c4 16. Bxc4+ Ke7 17. Bg5+ Ke8 18. Nf6+ gxf6 19. Bf7+ Kxf7 20. Qxe5 fxe5 21. Rfe1 Re8 22. Rbd1 d6 23. Rxe5 dxe5 24. Rd7+ Kg6 25. Rg7+ Kxg7 26. Bf6+ 1-0,,,
Rated Rapid game,https://lichess.org/R9gdKJSt,2018.10.28,-,fabriciofs,HushPuppies,0-1,2018.10.28,00:24:39,1296,1205,-13,+17,Standard,60+0,B21,Normal,1. e4 c5 2. d4 b6 3. d5 d6 4. Bb5+ Bd7 5. Bc6 Bxc6 6. dxc6 Nxc6 7. Qd5 Qd7 8. Nf3 Nf6 9. Qc4 Qb7 10. Ng5 b5 11. Qxf7+ Kd8 12. Ne6+ Kd7 13. e5 Nd4 14. Nxd4 cxd4 15. exf6 gxf6 16. O-O Bg7 17. Qxg7 Rhg8 18. Qxg8 Rxg8 19. g3 e5 20. Bh6 Rg6 21. Bd2 h5 22. Bb4 f5 23. Nd2 f4 24. Rae1 h4 25. Ne4 Ke6 26. Bxd6 hxg3 27. fxg3 fxg3 28. hxg3 Rh6 29. Kf2 Rh2+ 30. Kf3 Qf7+ 31. Kg4 Qg6+ 32. Ng5+ Kxd6 33. Rf8 Qh5+ 34. Kf5 Rf2+ 35. Ke4 Rxf8 36. c4 bxc4 37. a4 Qxg5 38. b4 Rf4+ 39. gxf4 Qxf4# 0-1,,,
Rated Rapid game,https://lichess.org/xZwVpHmJ,2018.10.28,-,HushPuppies,CobraCareca,0-1,2018.10.28,00:06:07,1221,1145,-16,+14,Standard,600+0,A40,Normal,1. d4 e6 2. Bf4 c5 3. c3 d5 4. Nf3 Nd7 5. Qa4 Nf6 6. Ne5 Bd6 7. dxc5 Bxc5 8. Nf3 O-O 9. Bg5 Be7 10. h3 Nb6 11. Qh4 Bd7 12. c4 dxc4 13. Nc3 Bb4 14. e4 e5 15. Rd1 Be7 16. Nxe5 Rc8 17. Be2 h6 18. Bxh6 gxh6 19. Qg3+ Kh7 20. Qh4 Rg8 21. Nxf7 Qe8 22. Ng5+ Kg7 23. O-O hxg5 24. Qxg5+ Kf8 25. Qh6+ Rg7 26. Bxc4 Rxc4 27. e5 Ng8 28. Qh8 Qg6 29. Nd5 Qxg2# 0-1,,,
Rated Rapid game,https://lichess.org/PUdj45GG,2018.10.28,-,HushPuppies,rchristiephotos,0-1,2018.10.28,00:02:36,1233,1296,-12,+9,Standard,600+0,A40,Normal,1. d4 c6 2. Bf4 d6 3. c3 Nf6 4. Nd2 g6 5. e3 Bg7 6. Bd3 d5 7. Ngf3 Bg4 8. O-O Nbd7 9. Ne5 Bxd1 0-1,,,
Rated Rapid game,https://lichess.org/1acpDB9R,2018.10.27,-,adlai,HushPuppies,1-0,2018.10.27,23:48:01,1269,1246,+10,-13,Standard,600+0,C68,Normal,1. e4 e5 2. Nf3 Nc6 3. Bb5 a6 4. Bxc6 dxc6 5. Nxe5 Qe7 6. d4 Be6 7. Nf3 O-O-O 8. O-O Bg4 9. e5 f6 10. h3 Bh5 11. Be3 fxe5 12. Re1 e4 13. Nbd2 exf3 14. Nxf3 Qd6 15. Qd3 Bxf3 16. Qf5+ Rd7 17. Qxf3 Nf6 18. Rad1 b6 19. Bg5 Be7 20. c4 h6 21. Bf4 Qb4 22. Qxc6 Rhd8 23. Qa8# 1-0,,,
Rated Rapid game,https://lichess.org/BULrFQ3G,2018.10.27,-,HushPuppies,MyllyTuom,0-1,2018.10.27,21:27:12,1258,1306,-12,+9,Standard,600+0,A45,Normal,1. d4 Nf6 2. c3 e6 3. Nf3 b6 4. Bg5 Ba6 5. Nbd2 Be7 6. e3 Bxf1 7. Nxf1 Nd5 8. Ng3 Bxg5 9. Qd2 O-O 10. O-O c5 11. Qd3 Nc6 12. Ne4 Be7 13. Rfe1 f5 14. Neg5 Bxg5 15. Nxg5 Qxg5 16. c4 0-1,,,
Rated Rapid game,https://lichess.org/L6lrFc94,2018.10.27,-,HushPuppies,telme1212,1-0,2018.10.27,21:17:08,1243,1247,+15,-11,Standard,600+0,C60,Normal,1. e4 e5 2. Nf3 Nc6 3. Bb5 d5 4. Nxe5 dxe4 5. Nxc6 bxc6 6. Bxc6+ Bd7 7. Bxa8 Qxa8 8. Qe2 Be7 9. Nc3 e3 10. dxe3 Qxg2 11. Qf1 Qf3 12. Rg1 Nf6 13. Rxg7 Bh3 14. Rg3 Bxf1 15. Rxf3 Bg2 16. Rf4 Nh5 17. Nd5 Nxf4 18. Nxf4 Bf3 19. Ne2 Rg8 20. Bd2 Bxe2 21. Kxe2 Bf6 22. Bc3 Be7 23. Kf3 h5 24. a3 a6 25. Rd1 c5 26. Rd5 Rh8 27. Bxh8 c4 28. Rxh5 a5 29. Rxa5 Bf6 1-0,,,
Rated Rapid game,https://lichess.org/akJhtOfY,2018.10.27,-,luluc61,HushPuppies,0-1,2018.10.27,21:04:42,1153,1232,-8,+11,Standard,600+0,B20,Normal,1. e4 c5 2. e5 e6 3. Nf3 Nc6 4. d4 cxd4 5. Nxd4 Nxe5 6. Bb5 Nf6 7. Bf4 Bd6 8. Bxe5 Bxe5 9. O-O a6 10. Ba4 Nd5 11. Qg4 O-O 12. Qh3 Bxd4 13. c4 b5 14. Bc2 Nf6 15. cxb5 axb5 16. Nd2 Bb7 17. Rfe1 Bxb2 18. Ne4 Bxe4 19. Rxe4 Nxe4 20. Bxe4 h6 21. Rd1 Rc8 22. Qd3 d5 23. Bh7+ Kh8 24. Qb1 g6 25. Qxb2+ Kxh7 26. g3 Rc7 27. Qxb5 Qb8 28. Qd3 Rfc8 29. Kg2 d4 30. Qxd4 Rd8 31. Qxd8 Qb7+ 32. Qd5 exd5 0-1,,,
Rated Rapid game,https://lichess.org/n6lpL3u6,2018.10.27,-,tmacksmyers,HushPuppies,1-0,2018.10.27,20:47:48,1289,1245,+9,-13,Standard,600+0,C46,Normal,1. e4 e5 2. Nf3 Nc6 3. Nc3 f6 4. Bc4 Nge7 5. d3 Nd4 6. Nxd4 exd4 7. Nd5 c6 8. Nxe7 Bxe7 9. O-O d5 10. exd5 cxd5 11. Bb5+ Bd7 12. Bxd7+ Qxd7 13. Qf3 O-O 14. c4 f5 15. cxd5 Rae8 16. Bf4 Bd6 17. Bxd6 Qxd6 18. Rae1 Re5 19. Rxe5 Qxe5 20. b4 Re8 21. Qd1 Qxd5 22. a3 Qa2 23. Re1 Re6 24. Rxe6 Qxe6 25. h3 Qa6 26. Qe1 h6 27. g4 f4 28. h4 Qxd3 29. h5 Qh3 30. Qe8+ Kh7 31. Qg6+ Kg8 32. Qe6+ Kh7 33. Qf5+ Kg8 34. Qxf4 d3 35. Qb8+ Kh7 36. Qxb7 d2 37. Qe4+ Kh8 38. Qd4 d1=Q+ 39. Qxd1 Qxa3 40. Qd4 Qc1+ 41. Kg2 Qc6+ 42. f3 Qc2+ 43. Kg3 Qc7+ 44. Kh3 Qb7 45. Qd8+ Kh7 46. g5 hxg5 47. Qxg5 Qc8+ 48. Kh4 Qc4+ 49. f4 Qe4 50. b5 Qe1+ 51. Kg4 Qg1+ 52. Kf5 Qxg5+ 53. Kxg5 Kh8 54. h6 gxh6+ 55. Kxh6 Kg8 56. Kg6 Kf8 57. f5 Kg8 58. f6 Kf8 59. f7 Ke7 60. Kg7 Ke6 61. f8=Q Kd5 62. Qf7+ Kd6 63. Qxa7 Kd5 64. b6 1-0,,,
Rated Rapid game,https://lichess.org/GVYWNb57,2018.10.27,-,HushPuppies,tmacksmyers,0-1,2018.10.27,20:44:08,1260,1279,-15,+10,Standard,600+0,C20,Normal,1. e4 e5 2. f3 Nc6 3. Ne2 Bc5 4. b3 Nf6 5. Bb2 d5 6. d3 dxe4 7. dxe4 Qxd1+ 8. Kxd1 O-O 9. a4 b6 10. a5 bxa5 11. Ra4 Bd7 12. Nbc3 Bb4 13. Kc1 Nd4 14. Ba3 Bxa4 0-1,,,
Casual Antichess game,https://lichess.org/xl5nAsyk,2018.10.27,-,lichess AI level 3,HushPuppies,1-0,2018.10.27,07:39:03,?,1500,,,Antichess,600+0,?,Normal,1. f3 f6 2. c3 c6 3. Kf2 Kf7 4. g3 g6 5. Bg2 Bg7 6. Kf1 Kf8 7. a4 a5 8. c4 b5 9. axb5 cxb5 10. Rxa5 Qxa5 11. cxb5 Qxd2 12. Nxd2 Na6 13. bxa6 Bxa6 14. Nb3 Bxe2 15. Qxd7 Bxf3 16. Qxe7 Bxg2 17. Qxf8 Rxf8 18. Kxg2 Ne7 19. Bg5 fxg5 20. Kf1 Rxf1 21. Nd4 Rxg1 22. Rxg1 Bxd4 23. Rf1 Bxb2 24. Rc1 Bxc1 25. h3 g4 26. hxg4 Ba3 27. g5 Nc6 28. g4 Nb8# 1-0,,,
Casual Antichess game,https://lichess.org/iU1pd1L1,2018.10.27,-,HushPuppies,lichess AI level 3,0-1,2018.10.27,07:32:52,1500,?,,,Antichess,600+0,?,Normal,1. g3 f6 2. h3 b6 3. Rh2 c6 4. Rg2 a6 5. b3 h5 6. g4 hxg4 7. Rxg4 Rxh3 8. Rxg7 Rxb3 9. Rxg8 Rxb1 10. Rxf8 Kxf8 11. Rxb1 Qe8 12. Rxb6 d6 13. Rxc6 Nxc6 14. e3 Bg4 15. Qxg4 Rb8 16. Bxa6 f5 17. Qxf5 Rb2 18. Qxf8 Qxf8 19. Bxb2 Qxf2 20. Kxf2 e5 21. Bxe5 dxe5 22. a4 Ne7 23. Be2 Ng6 24. e4 Ne7 25. Kf3 Nf5 26. exf5 e4 27. Kxe4# 0-1,,,
Casual Antichess game,https://lichess.org/uKNdY9Ih,2018.10.27,-,HushPuppies,lichess AI level 3,0-1,2018.10.27,07:29:14,1500,?,,,Antichess,600+0,?,Normal,1. d4 e5 2. dxe5 Ne7 3. Qxd7 Kxd7 4. Bh6 gxh6 5. e6 Kxe6 6. h3 Qd3 7. exd3 b6 8. d4 b5 9. Bxb5 c5 10. dxc5 Nec6 11. Bxc6 Bxc5 12. Bxa8 Bxf2 13. Kxf2 Bb7 0-1,,,
Casual Antichess game,https://lichess.org/lsZvVrj7,2018.10.27,-,lichess AI level 3,HushPuppies,1-0,2018.10.27,07:27:18,?,1500,,,Antichess,600+0,?,Normal,1. c3 h6 2. f3 a6 3. a3 b6 4. Ra2 g6 5. h4 d6 6. f4 g5 7. hxg5 hxg5 8. fxg5 Rxh1 9. g3 Rxg1 10. c4 Rxg3 11. a4 Rxg5 12. Bg2 1-0,,,
Casual Antichess game,https://lichess.org/iKYZTtnP,2018.10.27,-,HushPuppies,lichess AI level 3,0-1,2018.10.27,07:23:07,1500,?,,,Antichess,600+0,?,Normal,1. e4 b5 2. Bxb5 Nf6 3. Bxd7 Nxe4 4. Bxc8 Nxf2 5. Kxf2 Qxd2 6. Qxd2 g5 7. Qxg5 e5 8. Qxe5 Be7 9. Qxe7 Kxe7 10. Bd7 Nxd7 11. Ne2 Kf6 12. c4 Kg5 13. Bxg5 Nf6 14. Bxf6 Rae8 15. Bxh8 Rxe2 16. Kxe2 h6 0-1,,,
U2000 Rapid Arena,https://lichess.org/caxSAHzK,2018.10.27,-,agnim_dutta,HushPuppies,1-0,2018.10.27,05:47:09,1571,1264,+4,-4,Standard,600+0,C40,Normal,1. e4 e5 2. Nf3 c6 3. Nxe5 d5 4. exd5 Qe7 5. d4 f6 6. Bf4 Nd7 7. Be2 fxe5 8. dxe5 Nxe5 9. O-O Ng6 10. Be3 cxd5 11. Qxd5 Qd6 12. Qe4+ Qe5 13. Bb5+ Bd7 14. Bxd7+ Kxd7 15. Rd1+ Bd6 16. Qa4+ Ke7 17. Bd4 Qe2 18. Nc3 Qxc2 19. Qxc2 Bb4 20. Re1+ Kf7 21. Qb3+ Kf8 22. Qxb4+ N8e7 23. Bc5 Re8 24. Bxe7+ Nxe7 25. Rxe7 Rxe7 26. Re1 g6 27. Rxe7 Rg8 28. Rxh7+ Ke8 29. Qe7# 1-0,,,
U2000 Rapid Arena,https://lichess.org/XjwoBJen,2018.10.27,-,HushPuppies,franticfox,0-1,2018.10.27,05:33:57,1267,1671,-3,+2,Standard,600+0,C44,Normal,1. e4 e5 2. Nf3 Nc6 3. c3 Bc5 4. d4 exd4 5. cxd4 Bb4+ 6. Nc3 d5 7. e5 Bg4 8. Be2 Qd7 9. e6 fxe6 10. Ne5 Nxe5 11. Bxg4 Nxg4 12. Qxg4 Nf6 13. Qf3 O-O 14. O-O Ne4 15. Qe3 Rae8 16. Nxe4 dxe4 17. Qxe4 c6 18. a3 Bd6 19. Bf4 Rxf4 20. Qe3 Ref8 21. g3 Rf3 22. Qe4 R8f6 23. Rfe1 Rxf2 24. Rad1 Qc7 25. Re2 Rxe2 26. Qxe2 Bxg3 27. hxg3 Qxg3+ 28. Qg2 Qe3+ 29. Kh1 Rh6+ 30. Qh2 Qf3+ 31. Kg1 Rxh2 32. Kxh2 Qxd1 33. Kg3 Qxd4 34. Kf3 Qxb2 35. Ke4 Qf6 36. Kd3 g5 37. Kc4 g4 38. Kc5 e5 39. a4 g3 40. Kc4 g2 41. Kb4 g1=Q 42. Ka5 Qb6# 0-1,,,
U2000 Rapid Arena,https://lichess.org/tIlaE63l,2018.10.27,-,HushPuppies,sayanchanda,1/2-1/2,2018.10.27,05:19:41,1261,1414,+6,-4,Standard,600+0,B02,Normal,1. e4 Nf6 2. d3 e5 3. f3 Be7 4. c3 O-O 5. Be3 h6 6. d4 Nc6 7. Bd3 exd4 8. Bxd4 Nxd4 9. cxd4 d6 10. Ne2 c5 11. O-O Bd7 12. Nbc3 cxd4 13. Nxd4 Qb6 14. Ne2 d5 15. Qb3 Qxb3 16. Nxb3 dxe4 17. Bxe4 Rab8 18. Rfd1 Bb5 19. Rd2 Bb4 20. Nc3 Bc4 21. Rad1 Bxb3 22. axb3 Bc5+ 23. Kf1 Bb4 24. Nd5 Bxd2 25. Nxf6+ gxf6 26. Rxd2 Rfd8 27. Re2 Rd1+ 28. Kf2 Rbd8 29. Kg3 a5 30. Bxb7 R8d2 31. Re8+ Kg7 32. Re7 Rxb2 33. Bc6 Rxb3 34. Ba4 Rdd3 35. Bxb3 Rxb3 36. Ra7 Ra3 37. Ra6 a4 38. Kg4 Ra1 39. f4 a3 40. Rb6 Rc1 41. Ra6 Ra1 42. Kf3 a2 43. Ke3 Kf8 44. Kd3 Ke8 45. Kc3 Kd8 46. Kb2 Rb1+ 47. Kxa2 Rg1 48. Rxf6 Rxg2+ 49. Kb3 Rxh2 50. Rxf7 Ke8 51. Rf5 Ke7 52. Kc3 Ke6 53. Ra5 h5 54. Kd4 h4 55. f5+ Kf6 56. Ke4 Re2+ 57. Kf4 h3 58. Kg3 h2 59. Ra1 Kxf5 60. Rh1 Ke4 61. Rxh2 Re3+ 62. Kg4 Rf3 63. Rh3 Rxh3 64. Kxh3 1/2-1/2,,,
U2000 Rapid Arena,https://lichess.org/DESlCEQP,2018.10.27,-,enriqueLIONpallais,HushPuppies,0-1,2018.10.27,05:10:19,800,1259,+0,+2,Standard,600+0,A40,Normal,1. e3 e5 2. d4 d6 3. e4 Nf6 4. Nf3 Nxe4 5. dxe5 Bg4 6. Bf4 Qe7 7. h3 dxe5 8. hxg4 exf4 9. Qd4 Nc6 10. Qa4 Nc5+ 11. Be2 Nxa4 12. b3 Nc5 13. Nc3 O-O-O 14. Nd5 Qd7 15. Rh5 Qe6 16. O-O-O Qxe2 17. Ng5 Rxd5 18. Nxf7 Qxd1+ 19. Kb2 Nd3+ 20. cxd3 Qd2+ 21. Kb1 Qxd3+ 22. Kc1 Rc5+ 23. Kb2 Qc2+ 24. Ka3 Qc1+ 25. Ka4 b5# 0-1,,,
U2000 Rapid Arena,https://lichess.org/3Ej854MT,2018.10.27,-,sayanchanda,HushPuppies,1-0,2018.10.27,05:02:16,1413,1268,+7,-9,Standard,600+0,D02,Normal,1. Nf3 d5 2. d4 c6 3. e3 e6 4. Be2 Bd7 5. O-O Na6 6. Nc3 h6 7. Bd2 Bd6 8. h3 Qf6 9. a3 O-O-O 10. Bxa6 bxa6 11. b4 Ne7 12. Na2 h5 13. Qe2 Kb7 14. Rab1 Qg6 15. Bc3 Bc8 16. a4 Nf5 17. b5 Kc7 18. bxc6 Ng3 19. fxg3 Qxg3 20. Ba5+ Kxc6 21. Bxd8 Qh2+ 22. Nxh2 1-0,,,
U2000 Rapid Arena,https://lichess.org/a9F78yJt,2018.10.27,-,HushPuppies,vojta12,0-1,2018.10.27,05:00:02,1282,1336,-14,+10,Standard,600+0,?,Abandoned,0-1,,,
Casual Standard game,https://lichess.org/vJzR0QFJ,2018.10.27,-,lichess AI level 8,HushPuppies,1-0,2018.10.27,04:35:41,?,1500,,,From Position,600+0,?,Normal,1. Qxb6 Qxg3 2. Nef1 Ndc8 3. Qxa7 Qxh2 4. Qxe7 Qxd2 5. Qxf7 Qxc2 6. gxh5 dxe4 7. Qxg6# 1-0,,8/r1Q1nbb1/pr1npppk/1ppp3p/P3PPP1/KPPPN1RP/1BBN1q1R/8 w - - 0 1,1
Rated Rapid game,https://lichess.org/sAvjaHQj,2018.10.27,-,Suhag4975,HushPuppies,1-0,2018.10.27,04:09:12,1295,1299,+11,-17,Standard,-,B27,Time forfeit,1. e4 e5 2. Nf3 c5 3. Nxe5 Qe7 4. d4 f6 5. Nf3 cxd4 6. Nxd4 Nc6 7. Nxc6 dxc6 8. Bd3 Bd7 9. Nc3 O-O-O 10. Qe2 g6 11. a4 f5 12. exf5 Re8 13. fxg6 hxg6 14. Qxe7 Rxe7+ 15. Be3 Bf5 16. Bxf5+ gxf5 17. g3 Bh6 18. O-O Bxe3 19. fxe3 Rhh7 20. Rxf5 Nh6 21. Rf8+ Kc7 22. Raf1 Rhf7 23. Rh8 Ng4 24. e4 Rxf1+ 25. Kxf1 Ne3+ 26. Kf2 Nxc2 27. g4 Nd4 28. g5 Rg7 29. Rh5 Ne6 30. h4 Rf7+ 31. Kg3 Rf4 32. g6 Kd6 33. Rh6 Ke5 34. Rh7 Kf6 35. h5 Kg5 36. g7 Rg4+ 37. Kf2 Kf6 38. h6 Rg6 39. Rh8 Nxg7 40. hxg7 Kxg7 41. Rh2 Kf7 42. e5 Rg5 43. Rh7+ Ke6 44. Rh6+ 1-0,,,
Rated Rapid game,https://lichess.org/e5VlAQtR,2018.10.27,-,HushPuppies,dansetan,1-0,2018.10.27,02:42:44,1281,1300,+18,-11,Standard,600+0,C44,Normal,1. e4 e5 2. Nf3 Nc6 3. d4 exd4 4. c3 dxc3 5. Nxc3 Nf6 6. Be3 Bd6 7. Bg5 O-O 8. Nd5 Be7 9. Nxe7+ Qxe7 10. a3 Qxe4+ 11. Qe2 Qxe2+ 12. Bxe2 Re8 13. Bxf6 gxf6 14. b4 d5 15. Ra2 Bg4 16. O-O Bxf3 17. Bxf3 Rad8 18. Rd2 d4 19. Rfd1 b5 20. Bxc6 Re6 21. Bxb5 Rb6 22. a4 c6 23. Be2 Rxb4 24. a5 c5 25. h4 c4 26. Rxd4 Rxd4 27. Rxd4 Ra4 28. h5 Rxa5 29. h6 Ra1+ 30. Kh2 c3 31. Rd8# 1-0,,,
Rated Rapid game,https://lichess.org/iHt6acy4,2018.10.27,-,HushPuppies,Maxi10,0-1,2018.10.27,02:31:04,1302,1247,-21,+12,Standard,600+0,C44,Normal,1. e4 e5 2. Nf3 Nc6 3. c3 Bc5 4. d3 a6 5. Be3 Bxe3 6. fxe3 d6 7. Nbd2 Nf6 8. Qc2 b5 9. b4 h6 10. O-O-O Bg4 11. h3 Bxf3 12. gxf3 O-O 13. Qb3 a5 14. a3 a4 15. Qa2 Nh5 16. Rg1 Na7 17. f4 exf4 18. Be2 fxe3 19. Nf3 Nf4 20. Rde1 Nxh3 21. Rg3 Nf4 22. Nd4 Nxe2+ 23. Rxe2 Qh4 24. Rgxe3 Qh1+ 25. Kd2 Qh4 26. Rf3 Qg5+ 27. Kc2 Qg4 28. Rxf7 Rxf7 29. Rf2 Qg6 30. Nf5 Re8 31. c4 Kh8 32. Rf3 Qg2+ 33. Kc3 Qxa2 34. e5 Qxa3+ 35. Kd4 Rxf5 36. Rxf5 dxe5+ 37. Kd5 Qxd3+ 38. Kc5 Qxf5 0-1,,,
Rated Rapid game,https://lichess.org/2X5lyBsX,2018.10.27,-,NVelikonja,HushPuppies,0-1,2018.10.27,01:40:18,1371,1278,-15,+24,Standard,600+0,C30,Normal,1. e4 e5 2. f4 d6 3. fxe5 dxe5 4. Nf3 Bd6 5. d4 Nd7 6. d5 f5 7. Bd3 Nh6 8. Be3 Rg8 9. h4 Nf6 10. Ng5 fxe4 11. Nxe4 Bd7 12. Nxf6+ Qxf6 13. Bg5 Qf7 14. Be4 Be7 15. Rf1 Bf6 16. Qf3 Rf8 17. d6 cxd6 18. Bxb7 Rb8 19. Nd2 Bxg5 20. Qxf7+ Rxf7 21. Rxf7 Nxf7 22. hxg5 Rxb7 23. O-O-O Nxg5 24. Nc4 Ke7 25. Nxd6 Rc7 26. c4 Ne6 27. Nf5+ Kf8 28. Ne3 e4 29. b3 a5 30. Nd5 Rc6 31. Nc3 Nc5 32. a4 Bf5 33. Kb2 Rb6 34. Rd8+ Ke7 35. Rd5 Rxb3+ 36. Kc2 e3+ 37. Kd1 Bg4+ 38. Kc2 Rxc3+ 39. Kxc3 Ne6 40. Re5 e2 41. Kd2 Kd6 42. Re4 h5 43. Ke1 Nc5 44. Rd4+ Kc6 45. Rd8 Nd3+ 46. Rxd3 Kc5 47. Rc3 Kb4 48. c5 Kxc3 49. c6 Kb3 50. c7 Kxa4 0-1,,,
Rated Rapid game,https://lichess.org/gMV48BMv,2018.10.27,-,HushPuppies,daudgurning,0-1,2018.10.27,01:28:23,1301,1237,-23,+12,Standard,600+0,D00,Normal,1. d4 d5 2. c3 Nc6 3. e4 dxe4 4. Bb5 Bd7 5. Bxc6 Bxc6 6. Nd2 e3 7. fxe3 Bxg2 8. Qa4+ c6 9. Qb3 Bxh1 10. Ndf3 Bxf3 11. Nxf3 e6 12. Ke2 Bd6 13. Bd2 Nf6 14. Ng5 O-O 15. e4 Bxh2 16. Rh1 h6 17. Rxh2 hxg5 18. c4 Nxe4 19. Qh3 f6 20. Bb4 Re8 21. Qh8+ Kf7 22. Qh5+ Kg8 23. Qh7+ Kf7 24. Rh6 Rh8 25. Qg6+ Kg8 26. Qxg7+ Kxg7 27. Bf8+ Kf7 28. Bg7 0-1,,,
Rated Rapid game,https://lichess.org/cpMbwRgL,2018.10.27,-,HushPuppies,Charliefelipe,1-0,2018.10.27,01:19:20,1281,1287,+20,-10,Standard,600+0,C00,Normal,1. e4 e6 2. Nf3 Nf6 3. c4 Nxe4 4. Qe2 Ng5 5. g3 Nxf3+ 6. Qxf3 d5 7. cxd5 Qxd5 8. Bg2 Qc5 9. Nc3 Qe5+ 10. Qe4 Qxe4+ 11. Bxe4 Bb4 12. O-O Bxc3 13. dxc3 g6 14. b4 f5 15. Bc2 O-O 16. Ba3 Rd8 17. Rfe1 a6 18. Bb3 Kf7 19. Re2 Rd3 20. Rae1 Kg7 21. Bxe6 Bxe6 22. Rxe6 Rxc3 23. R1e3 Rxe3 24. Rxe3 Nc6 25. b5 Nd4 26. Bb2 Rd8 27. Rd3 c5 28. bxc6 bxc6 29. Bxd4+ Kh6 30. Be3+ 1-0,,,
Rated Bullet game,https://lichess.org/ngUYjfOk,2018.10.27,-,krishnashenoy123,HushPuppies,1-0,2018.10.27,00:58:19,924,939,+11,-42,Standard,600+0,A04,Time forfeit,1. Nf3 c6 2. g3 1-0,,,
Rated Bullet game,https://lichess.org/tfjcpUzC,2018.10.27,-,Leon0001,HushPuppies,1-0,2018.10.27,00:42:15,866,1001,+14,-62,Standard,60+0,A00,Normal,1. h3 d5 2. g3 e6 3. Bg2 Nc6 4. b3 Bd6 5. Bb2 Nf6 6. d3 O-O 7. e3 Qe7 8. Ne2 Bd7 9. Nd2 Rad8 10. a4 Nb4 11. h4 Be5 12. c3 Bxc3 13. Bxc3 Nh5 14. Bxb4 f5 15. Bxe7 1-0,,,
Rated UltraBullet game,https://lichess.org/mWE4J96Z,2018.10.27,-,HushPuppies,R-I-L-U-X-S,0-1,2018.10.27,00:16:18,1500,1962,-39,+3,Standard,60+0,B10,Time forfeit,1. e4 c6 2. d3 d5 3. Nc3 dxe4 4. b4 exd3 5. Bf4 dxc2 6. Bxb8 cxd1=Q+ 7. Nxd1 Qb6 8. Bc4 Qxb4+ 9. Nc3 Qxc4 0-1,,,
Rated Rapid game,https://lichess.org/CmAzrkrZ,2018.10.26,-,HushPuppies,hasanserin21,1-0,2018.10.26,23:39:22,1259,1281,+22,-11,Standard,15+0,C40,Normal,1. e4 e5 2. Nf3 f6 3. c3 d5 4. d3 dxe4 5. dxe4 Qxd1+ 6. Kxd1 Nc6 7. Bb5 Bd7 8. Bxc6 Bxc6 9. b3 Bxe4 10. Nbd2 O-O-O 11. Re1 Bxf3+ 12. gxf3 Nh6 13. Kc2 b6 14. a4 a5 15. Ba3 Bd6 16. Bxd6 cxd6 17. Re4 Kb7 18. f4 d5 19. Re3 exf4 20. Re7+ Ka6 21. Nf3 Nf5 22. Rc7 d4 23. b4 d3+ 24. Kd2 axb4 25. cxb4 Rhe8 26. Ng1 f3 27. Ra3 h5 28. Kc3 d2 29. b5+ Ka5 30. Ra7# 1-0,,,
Rated Bullet game,https://lichess.org/ud3TUGDI,2018.10.26,-,Ixess,HushPuppies,0-1,2018.10.26,23:37:19,962,948,-11,+53,Standard,600+0,B00,Normal,1. d4 d6 2. e4 Nc6 3. Nc3 Nf6 4. d5 e5 5. dxc6 Nxe4 6. Nxe4 d5 7. cxb7 Qh4 8. bxa8=Q Be7 9. Ne2 dxe4 10. Nc3 Bc5 11. Qxe4 Qxf2# 0-1,,,
Rated Rapid game,https://lichess.org/xiaH8a2K,2018.10.26,-,Mu_Tefa,HushPuppies,0-1,2018.10.26,22:41:13,1001,1250,-4,+9,Standard,60+0,D00,Normal,1. d4 d5 2. Nc3 e6 3. Nf3 h6 4. e3 b6 5. a3 Bd6 6. b4 Nf6 7. g4 Nxg4 8. h3 Nf6 9. Bb5+ Bd7 10. Bd3 O-O 11. a4 Na6 12. Ba3 Ne4 13. Bxe4 dxe4 14. Nxe4 Bc6 15. b5 Bxe4 16. bxa6 Qf6 17. O-O Bxf3 18. Qd3 Rad8 19. Qb5 Qg6+ 20. Qg5 Qxg5# 0-1,,,
Casual Antichess game,https://lichess.org/JKxcsmAs,2018.10.26,-,maxcassino,HushPuppies,1-0,2018.10.26,08:04:55,1563,1500,,,Antichess,600+0,?,Normal,1. g4 e5 2. f4 exf4 3. g5 1-0,,,
Rated Correspondence game,https://lichess.org/PYjW0HYi,2018.10.26,-,HushPuppies,likedwise,0-1,2018.10.26,07:27:51,1500,1437,-190,+146,Standard,-,B01,Normal,1. e4 d5 2. Nc3 d4 3. Nce2 c5 4. c4 Qa5 5. Nf3 Nc6 6. b4 Nxb4 7. a3 Nd3# 0-1,,,
Casual Rapid game,https://lichess.org/BU1EFu28,2018.10.26,-,mdfive,HushPuppies,0-1,2018.10.26,07:08:52,1220,1250,,,Standard,-,B25,Normal,1. e4 c5 2. Nc3 Nc6 3. Nf3 e5 4. Bb5 Nd4 5. Nxd4 cxd4 6. Nd5 Qa5 7. a4 Bc5 8. O-O Ne7 9. Re1 O-O 10. d3 a6 11. Bc4 b5 12. Bb3 Rb8 13. Bg5 Nxd5 14. exd5 Bb7 15. Rxe5 Rfe8 16. Qe1 Qxe1+ 17. Raxe1 Kf8 18. c3 f6 19. Rxe8+ Rxe8 20. Rxe8+ Kxe8 21. Bf4 d6 22. axb5 axb5 23. Bd1 Bxd5 24. b4 Bb6 25. Bxd6 dxc3 26. Bf3 c2 27. Bf4 Ke7 28. Bc1 Bc7 29. Bxd5 Bf4 30. Bb3 Bxc1 31. Bxc2 Ke6 32. g4 Kd5 33. f3 Bd2 34. h4 Bxb4 35. Kf2 Bc5+ 36. Ke2 b4 37. Kd2 Kd4 38. Kc1 Kc3 39. h5 b3 40. Bxb3 Kxb3 41. Kd2 Kb4 42. Ke2 Kc3 43. f4 Kd4 44. g5 Bd6 45. gxf6 gxf6 46. f5 Ke5 47. Ke3 Kxf5 48. d4 Kg5 49. d5 Kxh5 50. Kd4 Kg5 51. Kc4 Bg3 52. Kc5 h5 53. Kd4 h4 54. Ke3 Kg4 55. Ke2 Kh3 56. Kf1 Kh2 57. d6 Bxd6 58. Kf2 h3 59. Kf1 Kh1 60. Kf2 Bc5+ 61. Kf1 Kh2 62. Ke2 Kg2 0-1,,,
Rated Blitz game,https://lichess.org/Rl8rOow0,2018.10.26,-,HushPuppies,Eidelan,0-1,2018.10.26,07:00:34,1204,1244,-18,+9,Standard,300+5,E00,Time forfeit,1. c4 e6 2. d4 Nf6 3. e3 d5 4. Nc3 c5 5. Nf3 cxd4 6. Nxd4 g6 7. Be2 dxc4 8. O-O Bg7 9. Bf3 O-O 10. Qa4 Bd7 11. Qxc4 Nc6 12. Nxc6 bxc6 13. Bxc6 Rc8 14. Rd1 Rxc6 15. Qxc6 Bxc6 16. Rxd8 Rxd8 17. b4 Ne4 18. f3 Nxc3 0-1,,,
Rated Blitz game,https://lichess.org/VnV3ll7x,2018.10.26,-,Javejapon,HushPuppies,1-0,2018.10.26,06:57:10,1166,1228,+19,-24,Standard,300+3,B20,Normal,1. e4 c5 2. Qh5 g6 3. Qxc5 e6 4. Qc3 Nf6 5. d3 Be7 6. Bh6 Nh5 7. Qxh8+ Bf8 8. Qxf8# 1-0,,,
Rated Blitz game,https://lichess.org/5Nqebf56,2018.10.26,-,Nickbaro,HushPuppies,1-0,2018.10.26,06:48:57,1283,1248,+9,-20,Standard,300+3,B13,Normal,1. d4 d5 2. e4 c6 3. exd5 cxd5 4. Nc3 e6 5. Nf3 a6 6. Bd3 h6 7. Ne5 Bd6 8. O-O Bxe5 9. dxe5 Ne7 10. Be3 d4 11. Bd2 dxc3 12. Bxc3 O-O 13. Qg4 b5 14. Rfd1 Bb7 15. Bh7+ Kxh7 16. Rxd8 Rxd8 17. Qf4 Nbc6 18. Qxf7 Rd7 19. h3 Nd5 20. Qxd7 Nxc3 21. Qxb7 Ne2+ 22. Kh2 Rf8 23. Qxc6 Rxf2 24. Qe4+ Kg8 25. Qe3 Rxg2+ 1-0,,,
Casual Correspondence game,https://lichess.org/krlcs0ly,2018.10.26,-,HushPuppies,SEK3AGORA,0-1,2018.10.26,00:45:02,1500,1253,,,Standard,300+3,B01,Normal,1. e4 d5 2. Nc3 dxe4 3. Nxe4 e6 4. Qh5 g6 5. Qf3 f5 6. Ng5 Qxg5 7. Bb5+ c6 8. Bxc6+ Nxc6 9. d4 Nxd4 10. Qc6+ bxc6 11. Bxg5 Nxc2+ 0-1,,,
Casual Correspondence game,https://lichess.org/uNQ5xgJ1,2018.10.25,-,HushPuppies,gabrieleLL,0-1,2018.10.25,23:46:15,1500,1500,,,Standard,-,B07,Normal,1. e4 e5 2. d4 d6 3. Be3 Nf6 4. Nc3 0-1,,,
Casual Correspondence game,https://lichess.org/Vahljozt,2018.10.25,-,gabrieleLL,HushPuppies,0-1,2018.10.25,22:48:51,1500,1500,,,Standard,-,C50,Normal,1. e4 e5 2. Nf3 Nc6 3. Bc4 Nge7 4. O-O h6 5. d3 d5 6. exd5 Nxd5 7. Bxd5 Qxd5 8. c4 Qd6 9. Nc3 a6 10. Re1 f6 11. Be3 Bg4 12. c5 Qe6 13. Qb3 Qxb3 14. axb3 Bxf3 15. gxf3 O-O-O 16. Rad1 Nb4 17. f4 Nxd3 18. Rxd3 Rxd3 19. Rd1 e4 20. Kf1 Rxd1+ 21. Nxd1 Be7 22. Nc3 f5 23. Bd4 Bf6 24. Bxf6 gxf6 25. Nd5 Rd8 26. Ne7+ Kd7 27. Nxf5 Kc6 28. b4 Kb5 29. Nxh6 Rd2 30. Ng4 Rxb2 31. Nxf6 Rb1+ 32. Kg2 Rb2 33. Nxe4 Rxb4 34. Nc3+ Kxc5 35. Ne4+ Rxe4 36. f3 Rxf4 37. Kg3 Rf6 38. f4 Kd6 39. Kg4 Ke6 40. h4 Rxf4+ 41. Kxf4 Kf6 42. h5 Kg7 43. Kg4 Kh6 44. Kh4 a5 45. Kg4 a4 46. Kh4 a3 47. Kg4 a2 48. Kh4 a1=Q 49. Kg4 Qe5 50. Kh4 Qxh5+ 51. Kg3 Qf5 52. Kh4 Qg5+ 53. Kh3 Kh5 54. Kh2 Kg4 55. Kg2 Qf4 56. Kg1 Kf5 57. Kg2 Ke4 58. Kh3 Qg5 59. Kh2 Kf3 60. Kh3 Qg3# 0-1,,,
Casual Blitz game,https://lichess.org/uBGM1Uol,2018.10.25,-,mdfive,HushPuppies,0-1,2018.10.25,06:09:04,1500,1248,,,Standard,-,C70,Normal,1. e4 e5 2. Nf3 Nc6 3. Bb5 a6 4. Ba4 b5 5. Bb3 Bb7 6. a4 Nf6 7. d3 Bc5 8. O-O O-O 9. Bg5 d5 10. Bxd5 Nd4 11. Bxb7 Ra7 12. Bd5 Qd7 13. Nc3 c6 14. Bxf6 gxf6 15. Nh4 Kh8 16. Nf5 cxd5 17. exd5 Nxf5 18. Qg4 Nd4 19. Qxd7 Rxd7 20. axb5 Nxb5 21. Nxb5 axb5 22. Ra5 Rb8 23. c4 Bb4 24. Ra4 bxa4 0-1,,,
Casual Correspondence game,https://lichess.org/pSH3eVIN,2018.10.25,-,Anonymous,HushPuppies,0-1,2018.10.25,03:52:50,?,1500,,,Standard,300+0,B20,Normal,1. e4 c5 2. d3 Nc6 3. Be2 e5 4. Bg4 d6 5. Bxc8 Rxc8 6. Nc3 h6 7. Nd5 Nb4 8. Nxb4 cxb4 9. Be3 Be7 10. Nf3 Bg5 11. Nxg5 hxg5 12. Bxa7 Qa5 13. Qg4 Ne7 14. Be3 Rxc2 15. O-O Rxb2 16. Qxg5 Rxa2 17. Rxa2 Qxa2 18. Qxg7 Rg8 19. Qh7 b3 20. Bg5 Rxg5 21. Qh8+ Rg8 22. Qh6 b2 23. Qd2 Qa1 24. Qc2 Kd7 25. Qc3 Ra8 26. h4 Qxf1+ 27. Kxf1 b1=Q+ 28. Qe1 Ra1 29. g4 Qxe1+ 30. Kg2 Ra2 31. h5 Rxf2+ 32. Kg3 Qg1+ 33. Kh4 Rg2 34. h6 Rxg4+ 35. Kh5 Qg3 36. h7 Nc6 37. h8=Q Qh4# 0-1,,,
Casual Correspondence game,https://lichess.org/c7IJBwhl,2018.10.25,-,HushPuppies,Anonymous,0-1,2018.10.25,03:33:39,1500,?,,,Standard,-,C41,Normal,1. e4 e5 2. Nf3 d6 3. Nc3 Nc6 4. Bb5 a6 5. Bxc6+ bxc6 6. h3 Rb8 7. O-O c5 8. a3 f5 9. d3 g6 10. Ng5 Be7 11. h4 h6 12. exf5 hxg5 13. Bxg5 Bxg5 14. hxg5 Qxg5 15. fxg6 Qh6 16. Nd5 Qh1# 0-1,,,
Rated Rapid game,https://lichess.org/JgPo8YCg,2018.10.24,-,HushPuppies,keniz,1-0,2018.10.24,08:41:51,1225,1271,+25,-15,Standard,-,C20,Normal,1. e4 e5 2. d3 Nc6 3. c4 Bc5 4. Be3 Bxe3 5. fxe3 Qe7 6. Nc3 Qb4 7. Qb3 Qxb3 8. axb3 Nf6 9. Nf3 Ng4 10. O-O-O Nxe3 11. Re1 Nxf1 12. Rhxf1 O-O 13. Kc2 Nd4+ 14. Nxd4 exd4 15. Nd5 c6 16. Ne7+ Kh8 17. g4 Re8 18. Nf5 g6 19. Nh6 f5 20. gxf5 gxf5 21. Rxf5 d5 22. Rf7 Be6 23. Rf6 dxc4 24. bxc4 b5 25. Rg1 bxc4 26. dxc4 Bxc4 27. e5 d3+ 28. Kc3 Ba2 29. b3 Rxe5 30. Nf7# 1-0,,,
Rated Rapid game,https://lichess.org/VoMNCzMY,2018.10.24,-,HushPuppies,James_Fischer,0-1,2018.10.24,08:37:22,1246,1281,-21,+14,Standard,600+0,C23,Normal,1. e4 e5 2. Bc4 Nh6 3. Nf3 Nc6 4. c3 d6 5. O-O Bg4 6. Be2 d5 7. d3 dxe4 8. dxe4 Bd6 9. Nxe5 Bxe5 10. Bxg4 Nxg4 11. Qxg4 O-O 12. Bh6 Qd6 13. Qxg7+ Bxg7 0-1,,,
Rated Rapid game,https://lichess.org/rAQWQ7fB,2018.10.24,-,Wanjak,HushPuppies,1-0,2018.10.24,08:35:14,1260,1272,+10,-26,Standard,600+0,C50,Normal,1. e4 e5 2. Nf3 Nc6 3. Bc4 Nh6 4. d4 d6 5. Ng5 Qe7 6. Nxf7 Qxf7 7. Bxf7+ 1-0,,,
Rated Rapid game,https://lichess.org/LlAijLbQ,2018.10.23,-,HushPuppies,Free4all,1-0,2018.10.23,05:50:32,1242,1290,+30,-13,Standard,600+0,C44,Normal,1. e4 e5 2. Nf3 Nc6 3. c3 Bc5 4. d3 Nf6 5. Be3 Bxe3 6. fxe3 d5 7. exd5 Nxd5 8. e4 Nf6 9. Nbd2 Be6 10. Qe2 h6 11. O-O-O O-O 12. Nc4 Bxc4 13. dxc4 Qe7 14. h3 Rad8 15. g4 Rd2 16. Rxd2 1-0,,,
Rated Rapid game,https://lichess.org/iMjxRjx9,2018.10.23,-,xAkagame,HushPuppies,1-0,2018.10.23,05:40:12,1246,1272,+11,-30,Standard,600+0,C44,Normal,1. e4 e5 2. Nf3 Nc6 3. d4 d5 4. dxe5 dxe4 5. Qxd8+ Nxd8 6. Ng5 h6 7. Nxe4 Ne6 8. Bb5+ c6 9. Bc4 Nd4 10. Na3 Bxa3 11. O-O Be7 12. c3 Ne2+ 13. Bxe2 Be6 14. Rd1 f6 15. exf6 Nxf6 16. Nxf6+ Bxf6 17. Bh5+ Bf7 18. Bxf7+ Kxf7 19. Rd7+ Be7 20. Rxb7 Rad8 21. Be3 Rd6 22. Bc5 Re6 23. Rxa7 Kg6 24. Bxe7 Re8 25. g3 R8xe7 26. Rxe7 Rxe7 27. Rd1 Re2 28. b4 Rxa2 29. Rd6+ Kh7 30. Rxc6 Rc2 31. b5 Kg8 32. b6 Rb2 1-0,,,
Rated Bullet game,https://lichess.org/BPhJLtT2,2018.10.22,-,HushPuppies,barrinhaftw,0-1,2018.10.22,06:15:37,1031,864,-83,+24,Standard,600+0,A06,Time forfeit,1. e4 d5 2. Nf3 dxe4 3. d3 exd3 4. cxd3 Qxd3 5. Qxd3 f5 6. Be3 Nf6 7. Nc3 g5 8. Rd1 Bh6 9. Qb5+ Bd7 10. Rxd7 Nbxd7 11. Bc4 Kf8 12. Bc5 Nxc5 13. Qxc5 b6 14. Qb4 b5 15. O-O Rb8 16. Nd5 bxc4 17. Nxf6 Rxb4 18. Nd7+ Kf7 19. Nde5+ Ke8 20. Rd1 Kf8 21. Rd8+ Kg7 22. Nd4 Rb8 23. Nxf5+ Kf6 24. Rd5 Kxf5 25. Nf3+ Ke6 0-1,,,
Rated Blitz game,https://lichess.org/NOe3OF6G,2018.10.21,-,Syrsq,HushPuppies,1-0,2018.10.21,21:40:24,1206,1275,+12,-27,Standard,60+0,D07,Normal,1. d4 d5 2. c4 Nc6 3. Nf3 e6 4. e3 a6 5. Bd2 Nf6 6. Nc3 Bb4 7. Bd3 Bxc3 8. Bxc3 dxc4 9. Bxc4 Ne4 10. O-O O-O 11. Qd3 f5 12. d5 exd5 13. Bxd5+ Rf7 14. Bxf7+ 1-0,,,
Rated Rapid game,https://lichess.org/tKFIWR0Z,2018.10.21,-,HushPuppies,Malrauxis,0-1,2018.10.21,06:49:55,1302,1303,-30,+10,Standard,300+3,C44,Normal,1. e4 e5 2. Nf3 Nc6 3. d4 d6 4. c3 Be6 5. b3 Nf6 6. Bd3 d5 7. Bb5 dxe4 8. Nxe5 Qd5 9. Bxc6+ bxc6 10. c4 Qa5+ 11. Bd2 Qb6 12. O-O Qxd4 13. Nc3 Qxe5 14. g3 Bc5 15. Be3 Bxe3 16. fxe3 Qxc3 17. Rc1 Qxe3+ 18. Rf2 O-O 19. Kg2 Ng4 20. Qc2 Qg5 21. Rd2 e3 0-1,,,
Rated Rapid game,https://lichess.org/mt284UEI,2018.10.21,-,HushPuppies,tanguner,1/2-1/2,2018.10.21,06:33:06,1296,1362,+6,-2,Standard,600+0,A00,Normal,1. e3 e5 2. Qe2 Nf6 3. Kd1 Nc6 4. Qe1 d5 5. Bb5 Bc5 6. Bxc6+ bxc6 7. Nf3 e4 8. Ne5 Qd6 9. f4 exf3 10. Nxf3 Bg4 11. d4 Bb6 12. Nd2 O-O 13. b3 Rfe8 14. Bb2 c5 15. Qg3 Qd7 16. Ke2 cxd4 17. Bxd4 Bxd4 18. h3 Bxa1 19. Rxa1 Bxf3+ 20. Qxf3 d4 21. Nc4 Rad8 22. Rd1 Nd5 23. Rxd4 Rxe3+ 24. Qxe3 Nxe3 25. Rxd7 Rxd7 26. Nxe3 Re7 27. c4 c5 28. a3 a5 29. Kd2 f5 30. Nxf5 Rf7 31. Nd6 Rf2+ 32. Kc3 Rxg2 33. b4 Rg3+ 34. Kb2 cxb4 35. c5 Rxa3 36. Nb7 Kf7 37. c6 Rc3 38. Nxa5 Ke7 39. h4 h6 40. Nb3 g5 41. Nd4 gxh4 42. Nf5+ Kf6 43. Nxh4 Kg5 44. Nf3+ Kf4 45. Nd4 h5 46. c7 Rxc7 47. Ne6+ Kg3 48. Nxc7 h4 49. Nd5 h3 50. Ne3 h2 51. Nf1+ Kg2 52. Nxh2 Kxh2 53. Kb3 Kg3 54. Kxb4 1/2-1/2,,,
Rated Rapid game,https://lichess.org/HemqwQC8,2018.10.21,-,sanufriienko,HushPuppies,1-0,2018.10.21,06:25:31,1318,1333,+11,-37,Standard,600+0,A20,Normal,1. c4 e5 2. g3 c6 3. Bg2 Ne7 4. e4 g6 5. Nf3 d6 6. O-O Bg4 7. h3 Bxf3 8. Bxf3 Bg7 9. b3 Nd7 10. Bb2 O-O 11. d4 exd4 12. Bxd4 c5 13. Bxg7 Kxg7 14. Qxd6 Re8 15. Nc3 Nc8 16. Qd5 Nf6 17. Qxd8 Rxd8 18. e5 Rd3 19. exf6+ Kxf6 20. Nd5+ Kg7 21. Bg2 Nd6 22. Nf4 Rd2 23. Bxb7 Re8 24. Bg2 Kh6 25. Rad1 Rxa2 26. Rxd6 Ree2 27. Nxe2 1-0,,,
Rated Rapid game,https://lichess.org/OptOkjrp,2018.10.21,-,Fjodo,HushPuppies,1-0,2018.10.21,06:19:43,1353,1375,+11,-42,Standard,600+0,C50,Normal,1. e4 e5 2. Nf3 Nc6 3. Bc4 a6 4. a4 Nb4 5. c3 Nd3+ 6. Bxd3 d6 7. O-O Qf6 8. Bc4 Bg4 9. d4 Bxf3 10. Qxf3 Qxf3 11. gxf3 Be7 12. dxe5 dxe5 13. f4 Rd8 14. fxe5 Bc5 15. e6 fxe6 16. Bxe6 Nf6 17. b4 1-0,,,
Casual Correspondence game,https://lichess.org/ZK3j71gh,2018.10.21,-,HushPuppies,Anonymous,1-0,2018.10.21,05:33:30,1500,?,,,Standard,600+0,B01,Normal,1. e4 d5 2. Nc3 e6 3. Bb5+ Nc6 4. f4 Ne7 5. Nf3 Ng6 6. f5 Nf4 7. fxe6 Nxg2+ 8. Kf2 Nf4 9. d3 Nh3+ 10. Kg2 Nf4+ 11. Bxf4 Bc5 12. exd5 O-O 13. dxc6 bxc6 14. Bxc6 Rb8 15. Bd5 Qf6 16. Qd2 Qg6+ 17. Bg3 c6 18. Bxc6 Rxb2 19. Ng5 Rb6 20. exf7+ Rxf7 21. Nxf7 Rxc6 22. Ne5 Qd6 23. Nxc6 Qxc6+ 24. Ne4 Bd4 25. Rhf1 Bg4 26. Qf4 Qc8 27. Nf6+ Kf8 28. Nd5+ Ke8 29. Qxd4 Qxc2+ 30. Rf2 Qxf2+ 31. Kxf2 Kf7 32. Qf4+ Kg6 33. Qxg4+ Kh6 34. Bf4+ g5 35. Qxg5# 1-0,,,
Casual Correspondence game,https://lichess.org/Jzq3Q011,2018.10.21,-,Anonymous,HushPuppies,0-1,2018.10.21,05:22:35,?,1500,,,Standard,-,C20,Normal,1. e4 e5 2. d3 c6 3. Nd2 d5 4. Ngf3 Bd6 5. exd5 cxd5 6. Be2 Bg4 7. O-O Bxf3 8. Bxf3 Nc6 9. Bxd5 Nf6 10. Nc4 Nxd5 11. Nxd6+ Qxd6 12. Qg4 O-O 13. c4 Nf6 14. c5 Qxc5 15. Qd1 Nd5 16. Qh5 Nf4 17. Qg5 Qd5 18. g3 Qg2# 0-1,,,
Rated Rapid game,https://lichess.org/sITsV6vS,2018.10.20,-,HushPuppies,keshav2111,1-0,2018.10.20,05:48:14,1336,1299,+39,-9,Standard,-,C21,Normal,1. e4 e5 2. d4 exd4 3. c3 dxc3 4. Nxc3 Nf6 5. Bg5 d6 6. Bxf6 Qxf6 7. g3 Nc6 8. Nd5 Qd8 9. Bg2 Be7 10. Nf3 Bg4 11. O-O Bxf3 12. Qxf3 O-O 13. Rae1 Nd4 14. Qd3 Bf6 15. Nf4 c5 16. Ne2 Nxe2+ 17. Rxe2 Qb6 18. b3 Rae8 19. Rfe1 h6 20. a4 Qd8 21. Rd1 Re6 22. Bh3 Ree8 23. Qxd6 Qxd6 24. Rxd6 b6 25. Red2 Bg5 26. R2d5 f6 27. Rd7 Rxe4 28. Rxa7 Rfe8 29. Rad7 Re1+ 30. Bf1 Bd2 31. Rxd2 g5 32. R7d6 R8e6 33. Rxe6 Rxe6 34. Bc4 Kf7 35. Bxe6+ Kxe6 36. Rc2 f5 37. Rb2 f4 38. gxf4 gxf4 39. Rc2 Ke5 40. Rc3 h5 41. Rh3 1-0,,,
Rated Rapid game,https://lichess.org/viqBzYjk,2018.10.19,-,HushPuppies,Yolocarayolo,1-0,2018.10.19,02:40:20,1270,1386,+66,-13,Standard,600+0,C20,Normal,1. e4 e5 2. c3 Nf6 3. d3 d5 4. exd5 Qxd5 5. c4 Qd7 6. f4 e4 7. Be2 exd3 8. Bxd3 Qe7+ 9. Ne2 Bg4 10. O-O Nc6 11. Nbc3 Nd4 12. Qa4+ Nc6 13. Be3 Qxe3+ 14. Kh1 Bd6 15. Rae1 Qxd3 16. Nc1+ Be7 17. Nxd3 O-O 18. Qc2 Bf5 19. Qf2 Bxd3 20. Rg1 b6 21. Qf3 Rad8 22. Qxc6 Bc5 23. Qxc7 Bxg1 24. Kxg1 Rc8 25. Qxa7 Rxc4 26. Qxb6 Rxf4 27. h3 Ne4 28. Nxe4 Rxe4 29. Rxe4 Bxe4 30. b4 h6 31. b5 Rc8 32. Qe3 Bd5 33. b6 Rc2 34. a4 Rxg2+ 35. Kf1 Ra2 36. Qd4 Bb7 37. Qc4 Ra3 38. Qc7 Be4 39. b7 Bxb7 40. Qxb7 Rxa4 41. Qb8+ Kh7 42. Qb1+ g6 43. Qc2 Ra1+ 44. Kf2 Rh1 45. Qc3 Rh2+ 46. Kg3 Re2 47. Qf3 Ra2 48. Qxf7+ Kh8 49. Qxa2 1-0,,,
Rated Rapid game,https://lichess.org/19PvWCJg,2018.10.19,-,Hello2chess,HushPuppies,0-1,2018.10.19,02:32:26,1328,1192,-13,+78,Standard,600+0,B00,Normal,1. e4 e6 2. Nf3 Nc6 3. Nc3 d5 4. exd5 exd5 5. Bb5 Be6 6. Bxc6+ bxc6 7. O-O Bc5 8. Ne5 Qd6 9. Re1 Ne7 10. Qf3 f6 11. Nd3 Bb6 12. Nf4 Bf5 13. d3 O-O-O 14. Be3 d4 15. Ne4 Bxe4 16. dxe4 dxe3 17. Rxe3 Bxe3 18. Rd1 Qxd1+ 19. Qxd1 Rxd1# 0-1,,,
Rated Bullet game,https://lichess.org/Lwe5zpqZ,2018.10.17,-,Peyobaby4eva,HushPuppies,1-0,2018.10.17,21:40:15,1275,1062,+5,-31,Standard,600+0,A40,Normal,1. d4 e6 2. Nf3 d5 3. c3 Nc6 4. e3 Bd7 5. Nbd2 f5 6. Qc2 g5 7. Bd3 Bh6 8. O-O Nf6 9. Re1 O-O 10. e4 fxe4 11. Bxe4 dxe4 12. Nxe4 Nxe4 13. Rxe4 Qe7 14. Ne5 Qf6 15. Nxd7 g4 16. Nxf6+ Rxf6 17. Rxg4+ Bg7 18. Qd2 Raf8 19. Qh6 Rxf2 20. Qxg7# 1-0,,,
Casual Correspondence game,https://lichess.org/oHGU43yK,2018.10.17,-,HushPuppies,Killarmanjaro,1-0,2018.10.17,05:36:39,1500,1500,,,Standard,60+0,B00,Normal,1. e4 d6 2. Nf3 Nc6 3. c4 e5 4. d3 Nf6 5. Nc3 h6 6. g4 Bxg4 7. Qa4 Bxf3 8. Rg1 a6 9. b4 g5 10. Nd5 Ng8 11. Rg3 Qf6 12. Nxf6+ Nxf6 13. Rxf3 b5 14. cxb5 axb5 15. Qxa8+ Nd8 16. Rxf6 Be7 17. Rf5 c5 18. bxc5 dxc5 19. Rxe5 f6 20. Rd5 h5 21. a4 bxa4 22. Qxa4+ Kf8 23. Rxd8+ Bxd8 24. Qa8 Ke7 25. Ba3 Rh6 26. Bxc5+ Ke8 27. Bb6 Rh7 28. Qxd8+ Kf7 29. Ra7+ Kg6 30. Rxh7 Kxh7 31. Qxf6 Kg8 32. e5 h4 33. e6 g4 34. e7 g3 35. fxg3 hxg3 36. hxg3 Kh7 37. Qg5 Kh8 38. Bd4+ Kh7 39. Qg7# 1-0,,,
Rated Blitz game,https://lichess.org/9uPyVVai,2018.10.11,-,HushPuppies,Latuist,0-1,2018.10.11,20:00:16,1298,1310,-23,+10,Standard,-,C00,Normal,1. e4 e6 2. Nf3 d6 3. d4 h6 4. e5 a6 5. Bd3 Nc6 6. c3 dxe5 7. Nxe5 Nxe5 8. dxe5 Qd5 9. Bf4 Qxg2 10. Kd2 Qxf2+ 0-1,,,
Rated Bullet game,https://lichess.org/9F4fL62F,2018.10.11,-,Thenker,HushPuppies,1-0,2018.10.11,06:21:14,1032,1168,+13,-106,Standard,300+3,C00,Normal,1. e4 e6 2. Qf3 Ne7 3. Nh3 g6 4. Ng5 Bg7 5. Qxf7# 1-0,,,
Rated Blitz game,https://lichess.org/7VDixPtW,2018.10.11,-,HushPuppies,dooner,1/2-1/2,2018.10.11,00:21:59,1300,1270,-2,+1,Standard,60+0,C44,Normal,1. e4 e5 2. Nf3 Nc6 3. c3 Nf6 4. d4 d6 5. Bd3 exd4 6. cxd4 Bg4 7. d5 Nb4 8. O-O Nxd3 9. Qxd3 Be7 10. Nc3 O-O 11. Be3 a6 12. Nd4 Bh5 13. Rad1 Bg6 14. Rfe1 Qd7 15. h3 c6 16. Bg5 cxd5 17. exd5 h6 18. Bxf6 Bxf6 19. Ne4 Bxe4 20. Rxe4 Rfe8 21. Qe3 Rxe4 22. Qxe4 Re8 23. Qd3 Qa4 24. Nf5 Be5 25. a3 Qf4 26. g3 Qg5 27. h4 Qg4 28. Ne3 Qg6 29. Qxg6 fxg6 30. g4 Bxb2 31. Kg2 Bxa3 32. Kh3 Bc5 33. Rb1 b6 34. g5 Bxe3 35. fxe3 Rxe3+ 36. Kg4 Re4+ 37. Kg3 a5 38. Rxb6 a4 39. Rxd6 a3 40. Ra6 Re3+ 41. Kf2 Rb3 42. d6 a2 43. d7 Rb8 44. Rxa2 Kf7 45. Rd2 Rd8 46. Kf3 Ke7 47. h5 gxh5 48. gxh6 gxh6 49. Rh2 Rxd7 50. Rxh5 Rd6 51. Ke4 Rf6 52. Ke5 Kf7 53. Rf5 Rxf5+ 54. Kxf5 Kg7 55. Kg4 Kg6 56. Kh4 1/2-1/2,,,
Rated Classical game,https://lichess.org/ewrqgtOL,2018.10.10,-,numair,HushPuppies,1-0,2018.10.10,06:09:11,1669,1633,+8,-44,Standard,300+3,A21,Normal,1. c4 e5 2. Nc3 f6 3. g3 Ne7 4. Bg2 d5 5. Nxd5 Nxd5 6. Bxd5 c6 7. Bg2 Bb4 8. a3 Ba5 9. b4 Bc7 10. Bb2 O-O 11. e3 Re8 12. d3 a5 13. b5 Nd7 14. bxc6 bxc6 15. Bxc6 Rb8 16. Rb1 a4 17. Ne2 Ba5+ 18. Bc3 Rxb1 19. Qxb1 Bxc3+ 20. Nxc3 Qa5 21. Qc2 Re6 22. Bd5 Nc5 23. O-O Qa6 24. Bxe6+ Nxe6 25. Qxa4 Qb6 26. Qe8+ Nf8 27. Qxc8 Qb3 28. Rc1 Qxa3 29. c5 Qxc1+ 30. Kg2 Qxc3 31. c6 h6 32. c7 Qa5 33. Qb8 Qd5+ 34. e4 Qe6 35. c8=Q Qa2 36. Qxf8+ Kh7 37. Qg8+ Qxg8 38. Qxg8+ Kxg8 39. Kf3 Kf7 40. Ke3 h5 41. f4 g6 42. fxe5 fxe5 43. d4 exd4+ 44. Kxd4 Ke6 45. e5 g5 46. Ke4 h4 47. g4 h3 48. Kd4 Ke7 49. Kd5 Ke8 50. Ke6 Kd8 51. Kf5 Ke7 52. Kxg5 Ke6 53. Kf4 Kd5 54. g5 Ke6 55. g6 Ke7 56. Kf5 Kf8 57. Kf6 Ke8 58. g7 Kd7 59. g8=Q Kc7 60. Qe6 Kd8 61. Qf7 Kc8 62. Qe7 Kb8 63. Qd7 Ka8 64. Ke6 Kb8 65. Kd6 Ka8 66. Kc6 Kb8 67. Qb7# 1-0,,,
Rated Blitz game,https://lichess.org/apzpo3jV,2018.10.10,-,HushPuppies,GaarsGod,0-1,2018.10.10,03:00:37,1331,1283,-31,+12,Standard,900+15,D00,Time forfeit,1. d4 d5 2. e3 e6 3. Nf3 Nc6 4. Bb5 Bb4+ 5. c3 Bd6 6. Bxc6+ bxc6 7. Bd2 c5 8. O-O c4 9. b3 cxb3 10. axb3 Nf6 11. Ne5 Bxe5 12. dxe5 Ne4 13. c4 dxc4 14. bxc4 O-O 15. Bb4 Re8 16. Qxd8 Rxd8 17. Nc3 Nxc3 18. Bxc3 Rd3 19. Rfd1 Rxd1+ 20. Rxd1 Bb7 21. h4 g6 22. Ba5 Rc8 23. Rd7 Bc6 24. Rxc7 Rxc7 25. Bxc7 Kf8 26. Bd6+ Ke8 27. Kf1 a5 28. Ke2 a4 29. Kd2 Bxg2 30. Kc2 Be4+ 31. Kb2 Kd7 32. Ka3 Bc2 33. c5 Kc6 34. f4 Bb3 35. Kb2 Bd5 36. Ka3 Kb5 37. Be7 Bc6 38. f5 gxf5 39. h5 Kc4 40. e4 Kd4 41. h6 Kxe4 42. Ka2 Kxe5 43. Bd6+ Kd5 44. Ka3 Ke4 45. Be7 f4 46. Bd6 f3 47. Bg3 Ke3 48. Kb2 f2 49. Bxf2+ Kxf2 50. Kc3 Kf3 51. Kb4 Ke4 52. Ka5 Kd5 53. Kb6 Bd7 54. Kc7 Bc6 55. Kb6 f5 56. Kc7 Kxc5 57. Kd8 f4 58. Ke7 Bd5 59. Kf8 f3 60. Kg7 Be4 61. Kf6 Bf5 62. Ke5 a3 63. Kf4 f2 64. Kf3 f1=Q+ 65. Ke3 a2 66. Kd2 Qd3+ 0-1,,,
Rated Blitz game,https://lichess.org/867kgp44,2018.10.10,-,HushPuppies,suzuloko,0-1,2018.10.10,02:50:53,1355,1409,-24,+8,Standard,300+3,C43,Normal,1. e4 e5 2. Nf3 Nf6 3. d4 Nxe4 4. dxe5 Qe7 5. Nc3 Nxc3 6. bxc3 d6 7. Bb5+ Bd7 8. Bc4 dxe5 9. O-O Nc6 10. Bb5 O-O-O 11. Bd2 Qc5 12. a4 a6 13. Bxc6 Bxc6 14. Re1 f6 15. Bg5 Bxf3 16. Qxf3 fxg5 17. Qe3 Qxe3 18. fxe3 Rd2 19. Rac1 Ba3 20. Rcd1 Rhd8 21. Rxd2 Rxd2 22. Kf1 Rxc2 23. Re2 Rxc3 24. Rd2 Bc5 25. e4 Bd4 26. h3 Ra3 27. Rd1 Rxa4 28. Rxd4 Rxd4 29. Kf2 0-1,,,
Rated Blitz game,https://lichess.org/CkEl362f,2018.10.10,-,psynex1,HushPuppies,0-1,2018.10.10,02:37:48,1302,1326,-10,+29,Standard,300+3,B40,Time forfeit,1. e4 c5 2. Nf3 e6 3. d4 b6 4. Nc3 d5 5. Bb5+ Nd7 6. O-O a5 7. Bc6 Ra7 8. exd5 exd5 9. Bxd5 Ngf6 10. Re1+ Be7 11. Bc6 Bb7 12. Ne5 O-O 13. Nxd7 Nxd7 14. Bb5 Qc7 15. Rxe7 Ba6 16. Rxd7 Qb8 17. Rxa7 Qxa7 18. dxc5 Bxb5 19. Nxb5 Qe7 20. b3 Re8 21. Ba3 bxc5 22. c4 h5 23. Qd2 h4 24. Nd6 Rd8 25. Bxc5 Qc7 26. Qg5 f6 27. Qd5+ Kh8 28. Nf7+ Kh7 29. Nxd8 Qf4 0-1,,,
Rated Blitz game,https://lichess.org/LzfBdRMF,2018.10.10,-,slayer61,HushPuppies,1-0,2018.10.10,02:35:40,1440,1352,+8,-26,Standard,300+3,B02,Normal,1. e4 Nf6 2. e5 Nd5 3. c4 Nb6 4. d4 d5 5. cxd5 Qxd5 6. Nc3 Qc6 7. Nf3 e6 8. Bb5 1-0,,,
Rated Blitz game,https://lichess.org/CZc5WosD,2018.10.10,-,HushPuppies,luisamado,0-1,2018.10.10,02:29:32,1387,1406,-35,+9,Standard,300+3,C41,Normal,1. e4 e5 2. Bc4 d6 3. Nf3 Bg4 4. h3 Bxf3 5. gxf3 Nc6 6. c3 Be7 7. Bb5 a6 8. Bxc6+ bxc6 9. Qa4 Qd7 10. c4 Nf6 11. d3 O-O 12. Bd2 Rfb8 13. b3 c5 14. Qxd7 Nxd7 15. Nc3 h6 16. O-O Nf6 17. Nd5 Nxd5 18. cxd5 a5 19. Kh1 a4 20. Rg1 axb3 21. Bxh6 Bf6 22. Be3 Rxa2 23. Rxa2 bxa2 24. Ra1 Rb1+ 25. Bc1 Rxa1 26. Kh2 0-1,,,
Rated Blitz game,https://lichess.org/xbhsobPe,2018.10.10,-,luisamado,HushPuppies,0-1,2018.10.10,02:25:56,1418,1337,-12,+50,Standard,300+3,D00,Normal,1. d4 d5 2. e3 Nc6 3. b3 f5 4. Bb5 Nf6 5. Nf3 e6 6. Ba3 Bxa3 7. Nxa3 a6 8. Bxc6+ bxc6 9. Ne5 Bd7 10. Qf3 Ng4 11. h3 Nxe5 12. dxe5 Rb8 13. Qh5+ g6 14. Qh6 Qc8 15. Qxh7 Rxh7 0-1,,,
Rated Blitz game,https://lichess.org/wJ51mntj,2018.10.10,-,HushPuppies,ambotnimo,0-1,2018.10.10,02:21:17,1382,1385,-45,+10,Standard,300+3,C00,Normal,1. e4 e6 2. Bc4 d5 3. Bb3 Bd6 4. f3 Qh4+ 5. g3 Bxg3+ 6. hxg3 Qxh1 7. d3 Qxg1+ 8. Ke2 Qg2+ 9. Ke1 Qxg3+ 10. Ke2 dxe4 11. dxe4 Nf6 12. Be3 O-O 13. Nc3 b6 14. e5 Ba6+ 15. Kd2 Rd8+ 0-1,,,
Rated Chess960 game,https://lichess.org/ayqbdnJ3,2018.10.09,-,hugodragon,HushPuppies,1-0,2018.10.09,19:54:00,1538,1500,+8,-157,Chess960,300+3,?,Normal,1. c4 e5 2. Nc3 Nc6 3. Ng3 f6 4. b3 a6 5. h3 b5 6. cxb5 axb5 7. Nxb5 Qa5 8. Nc3 Bf7 9. Bh2 Ng6 10. Qb2 d5 11. O-O O-O 12. Bc2 Be7 13. Qb1 Qa7 14. Bxg6 Bxg6 15. d3 Nb4 16. Qb2 Bxd3 17. exd3 Nxd3 18. Qd2 Nxc1 19. Rxc1 Bb4 20. Qxd5+ Kh8 21. Nb5 Qxa2 22. Rxc7 Rxc7 23. Nxc7 h5 24. Nf1 Rc8 25. Qd7 Bc5 26. Bg3 f5 27. Qxc8+ Kh7 28. Qxf5+ g6 29. Qf7+ Kh6 30. Ne6 h4 31. Qg7+ Kh5 32. Qh7# 1-0,,qnrbkrbn/pppppppp/8/8/8/8/PPPPPPPP/QNRBKRBN w KQkq - 0 1,1
Casual Horde game,https://lichess.org/6amM4ewU,2018.10.09,-,UmFuZ,HushPuppies,1/2-1/2,2018.10.09,19:48:27,1500,1500,,,Horde,900+15,?,Normal,1. d5 b6 2. d4 bxc5 3. bxc5 a6 4. b4 axb5 5. axb5 c6 6. a4 Rxa4 7. b3 Ra3 8. b2 Rxa2 9. b6 Rxa1 10. dxc6 dxc6 11. d5 cxd5 12. exd5 Rxc1 13. c6 Nxc6 14. dxc6 Qxb6 15. b5 Rxd1 16. d4 Rxe1 17. d5 e6 18. b4 Rxf1 19. dxe6 fxe6 20. fxe6 Bxe6 21. c5 Qxb5 22. f5 Bxf5 23. gxf5 Rxg1 24. c7 Qc6 25. c4 Qxc7 26. b5 Qxc5 27. b3 Rxh1 28. f4 Rxh2 29. e4 Qxf2 30. e5 Qxe2 31. b6 Qxc2 32. h5 Qxb3 33. f6 Nxf6 34. exf6 gxf6 35. gxf6 Qxb6 36. g4 Rxg2 37. g5 Rg8 38. h4 Qd4 39. c5 Qxf4 40. c6 Qxg5 41. c7 Qc5 42. h6 R8g6 43. f7+ Kxf7 44. h5 Rxh6 45. c8=Q Qxc8 1/2-1/2,,rnbqkbnr/pppppppp/8/1PP2PP1/PPPPPPPP/PPPPPPPP/PPPPPPPP/PPPPPPPP w kq - 0 1,1
Casual Horde game,https://lichess.org/Ds3BL4tc,2018.10.09,-,HushPuppies,UmFuZ,0-1,2018.10.09,19:44:30,1500,1500,,,Horde,180+2,?,Normal,1. e5 f6 2. e4 fxg5 3. fxg5 h6 4. f4 hxg5 5. fxg5 e6 6. f4 c6 7. f3 Be7 8. f6 gxf6 9. gxf6 Bxf6 10. exf6 Nxf6 11. e5 Nxg4 12. fxg4 Rxh4 13. gxh4 Qxh4 14. g3 Qxh3 15. g2 Qxh2 16. bxc6 bxc6 17. b5 Qxh1 18. bxc6 Nxc6 19. d5 Nb8 20. dxe6 dxe6 21. c6 Nxc6 22. b4 Qxe1 23. b5 Qxd1 24. bxc6 Qxc1 25. b4 Qxb1 26. b5 Qxc2 27. c5 Qxd2 28. b6 Qxe2 29. f5 Qxe5 30. fxe6 Qxe6 31. b7 Bxb7 32. cxb7 Rb8 33. d4 Qc6 34. a5 Rxb7 35. g5 Qxg2 36. g6 Qxa2 37. g7 Rxg7 38. c6 Rxg3 39. c7 Qc4 40. c8=Q+ Qxc8 41. d5 Qxc3 0-1,,rnbqkbnr/pppppppp/8/1PP2PP1/PPPPPPPP/PPPPPPPP/PPPPPPPP/PPPPPPPP w kq - 0 1,1
Casual Atomic game,https://lichess.org/zAoTRiGv,2018.10.09,-,HushPuppies,ACRU,0-1,2018.10.09,19:42:59,1500,1870,,,Atomic,180+2,?,Normal,1. c3 b5 2. f3 e6 3. Qb3 Ba3 4. Qxe6 Bxb2 5. Nh3 f6 6. Nf4 d5 7. Ne6 Bxe6 8. g4 d4 9. Bg2 dxc3 10. O-O Qd4+ 11. e3 Qb2 12. Kf2 Ne7 13. Kg3 Qe5+ 14. Kh4 Qh5+ 15. Kg3 Qxg4# 0-1,,,
Casual Atomic game,https://lichess.org/r4FHeQiQ,2018.10.09,-,ACRU,HushPuppies,1-0,2018.10.09,19:42:47,1870,1500,,,Atomic,0+4,?,Normal,1. Nf3 e6 2. Ne5 Qg5 3. Nxd7# 1-0,,,
Casual Atomic game,https://lichess.org/Mp0BHGZq,2018.10.09,-,HushPuppies,ACRU,0-1,2018.10.09,19:42:03,1500,1870,,,Atomic,0+4,?,Normal,1. e3 e6 2. Qf3 f5 3. Qh5+ g6 4. Qf3 Nh6 5. Qxb7 Ng4 6. Kd1 Nxh2 7. Bb5 c6 8. Ba6 Qa5 9. d4 Qd2# 0-1,,,
Casual Atomic game,https://lichess.org/X4HZOMN8,2018.10.09,-,ACRU,HushPuppies,1-0,2018.10.09,19:41:55,1870,1500,,,Atomic,0+4,?,Normal,1. Nf3 c6 2. Ne5 Qa5 3. Nxd7# 1-0,,,
Casual Atomic game,https://lichess.org/lzbHo1aB,2018.10.09,-,HushPuppies,ACRU,0-1,2018.10.09,19:41:22,1500,1870,,,Atomic,0+4,?,Normal,1. d4 Na6 2. e4 Nb4 3. c3 Nc2+ 4. Qxc2 e5 5. Bb5 c6 6. Bc4 exd4 7. Nf3 f6 8. Ne5 fxe5 9. O-O Qh4 10. Rfe1 Qxf2# 0-1,,,
Casual Atomic game,https://lichess.org/RqLYWmGO,2018.10.09,-,ACRU,HushPuppies,1-0,2018.10.09,19:41:06,1870,1500,,,Atomic,0+4,?,Normal,1. Nf3 e6 2. Ne5 d6 3. Nxf7# 1-0,,,
Casual Atomic game,https://lichess.org/AyyioOvB,2018.10.09,-,HushPuppies,ACRU,0-1,2018.10.09,19:40:30,1500,1870,,,Atomic,0+4,?,Normal,1. e4 e6 2. d4 Nh6 3. f3 d5 4. c3 Na6 5. g4 Qh4+ 6. Kd2 Qe1+ 7. Kc2 Qxd1# 0-1,,,
Rated Blitz game,https://lichess.org/griosT8F,2018.10.09,-,HushPuppies,vistal101,0-1,2018.10.09,19:22:46,1449,1341,-67,+12,Standard,0+4,D00,Normal,1. d4 d5 2. Bf4 Nc6 3. e3 Bf5 4. Nc3 Nb4 5. Bd3 Nxd3+ 6. cxd3 e6 7. h3 Bb4 8. Nf3 f6 9. O-O Bxc3 10. bxc3 Ne7 11. Rb1 b6 12. Re1 O-O 13. Qd2 Ng6 14. e4 dxe4 15. dxe4 e5 16. exf5 Nxf4 17. dxe5 Qxd2 18. Nxd2 Nd3 19. Re3 Nxe5 20. Rbe1 Rad8 21. Nf3 Nxf3+ 22. Rxf3 Rd2 23. Rfe3 Rxa2 24. Kh2 Rxf2 25. Re8 Rxe8 26. Rxe8+ Kf7 27. Rc8 c5 28. Rc7+ Ke8 29. Rxa7 Kf8 30. Rb7 Rb2 31. h4 b5 32. Kh3 b4 33. cxb4 cxb4 34. h5 b3 35. g4 Rb1 36. Kh4 b2 37. h6 gxh6 38. Rxh7 Rh1+ 39. Kg3 b1=Q 40. Rh8+ Kg7 41. Rc8 Rg1+ 42. Kf4 Rf1+ 43. Ke3 Qb3+ 44. Kd4 Rd1+ 45. Kc5 Rc1+ 46. Kd6 Rxc8 47. Kd7 Qb7+ 48. Ke6 Rc6+ 49. Kd5 Qb5+ 50. Kd4 Qc5+ 51. Kd3 Rd6+ 52. Ke4 Qe5+ 53. Kf3 Rd4 54. g5 Qf4+ 55. Kg2 hxg5 56. Kh3 Rd3+ 57. Kg2 Qd2+ 58. Kf1 Rf3+ 59. Kg1 Rg3+ 60. Kf1 Rh3 61. Kg1 Qe3+ 62. Kf1 Rh1+ 63. Kg2 Ra1 64. Kh2 Ra2+ 65. Kh1 Qe1# 0-1,,,
Rated Blitz game,https://lichess.org/BYnkGVuO,2018.10.09,-,vistal101,HushPuppies,0-1,2018.10.09,19:09:54,1349,1398,-8,+51,Standard,300+3,C00,Normal,1. e4 e6 2. Nf3 d5 3. e5 c5 4. Bb5+ Bd7 5. a4 a6 6. Bxd7+ Qxd7 7. c3 c4 8. d3 Be7 9. d4 Nh6 10. Bxh6 gxh6 11. O-O Rg8 12. Nbd2 Nc6 13. Re1 O-O-O 14. Nf1 f6 15. Ng3 fxe5 16. Nxe5 Nxe5 17. Rxe5 Bf6 18. Re3 Rde8 19. Qf3 Ref8 20. Qh5 Bg5 21. Re5 Qf7 22. Qh3 Qxf2+ 23. Kh1 Bf4 24. Qxe6+ Kb8 25. Qd6+ Ka7 26. Qc5+ Ka8 27. Rf1 Qxb2 28. Re7 Bd6 29. Qxd6 Rxf1+ 30. Nxf1 Rf8 31. Re1 Qf2 32. h3 Rg8 33. Qg3 Rxg3 34. Re8+ Ka7 35. Nxg3 Qxg3 36. Re7 Qxc3 0-1,,,
Rated Blitz game,https://lichess.org/V3dRAl0q,2018.10.09,-,HushPuppies,Bilka111,1-0,2018.10.09,19:00:22,1328,1319,+70,-9,Standard,300+3,C44,Normal,1. e4 e5 2. Nf3 Nc6 3. c3 Nf6 4. d4 exd4 5. e5 Qe7 6. cxd4 Nd5 7. Bd2 d6 8. Bb5 Bd7 9. Bxc6 Bxc6 10. O-O dxe5 11. Nxe5 Bb5 12. Re1 O-O-O 13. Ng6 Qf6 14. Nxh8 Bb4 15. Nc3 Nxc3 16. bxc3 Bd6 17. g3 Rxh8 18. h4 Qf3 19. Qxf3 Bc6 20. Qxf7 g6 21. d5 Bb5 22. Rab1 Bc4 23. Re8+ Rxe8 24. Qxe8# 1-0,,,
Rated Bullet game,https://lichess.org/SrwpMc9Y,2018.10.09,-,SirPenda,HushPuppies,1-0,2018.10.09,18:59:07,1335,1237,+7,-69,Standard,300+3,C00,Normal,1. e4 e6 2. Nf3 Nf6 3. e5 Bc5 4. d4 d5 5. exf6 Bxd4 6. Nxd4 gxf6 7. Bd3 Bd7 8. O-O Nc6 9. Nxc6 Bxc6 10. b3 Qe7 11. c4 O-O-O 12. Be3 f5 13. Qe2 b6 14. Nc3 Rhg8 15. f3 Qh4 16. Qf2 Qf6 17. Ne2 Qc3 18. Nxc3 1-0,,,
Rated Blitz game,https://lichess.org/nZPUjn23,2018.10.09,-,HushPuppies,kartall01,0-1,2018.10.09,18:47:27,1417,1420,-89,+8,Standard,60+0,D00,Normal,1. d4 d5 2. b3 Nf6 3. c4 e6 4. Nf3 c5 5. Bg5 Nc6 6. Bxf6 Qxf6 7. g3 cxd4 8. Bg2 d3 9. exd3 Qxa1 10. O-O Qxa2 11. Nc3 Qa5 12. cxd5 exd5 13. Re1+ Be7 14. Ng5 O-O 15. Nxd5 Bxg5 16. h4 Bd2 17. Re2 Bb4 18. Nxb4 Nxb4 19. Re7 Be6 20. Kh2 Nd5 21. Rxb7 Rab8 22. Qh5 Rxb7 23. Be4 g6 24. Qh6 Rxb3 25. h5 Nf6 26. hxg6 Ng4+ 27. Kh3 Nxh6+ 0-1,,,
Rated Blitz game,https://lichess.org/M5RokBQf,2018.10.09,-,Cheesy_Matucki,HushPuppies,0-1,2018.10.09,18:28:45,1256,1319,-7,+98,Standard,300+3,B07,Normal,1. e4 e5 2. d4 d6 3. dxe5 dxe5 4. Qxd8+ Kxd8 5. Bc4 Be6 6. Bxe6 fxe6 7. a4 a5 8. b3 Ra6 9. Ba3 Bxa3 10. Nxa3 Nc6 11. Rd1+ Kc8 12. Nf3 Nge7 13. O-O Nb4 14. c4 Rd6 15. Nb5 Rxd1 16. Rxd1 Rd8 17. Rxd8+ Kxd8 18. Nxe5 Kc8 19. c5 c6 20. Nd6+ Kd8 21. Ndf7+ Kc7 22. Ng5 h6 23. Nxe6+ Kc8 24. Nxg7 Nc2 25. Nf5 Nxf5 26. exf5 Nd4 27. f6 Kd8 28. Nf7+ Ke8 29. Nxh6 Kf8 30. Kf1 Nxb3 31. Ke2 Nxc5 32. Ke3 Nxa4 33. Kd4 b5 34. g4 b4 35. Kc4 Nb6+ 36. Kc5 b3 37. Kxb6 b2 38. Kxc6 b1=Q 39. Kd6 Qb6+ 40. Ke5 Qb2+ 41. Kf5 Qxf2+ 42. Kg6 Qxh2 43. g5 Qc2+ 44. Kh5 Qh2+ 45. Kg6 a4 46. Nf5 Qc2 47. f7 a3 48. Kf6 Qf2 49. g6 Qb2+ 50. Kg5 Qd2+ 51. Kf6 Qd8+ 52. Ke5 Qb8+ 53. Kf6 Qb6+ 54. Kg5 Qxg6+ 55. Kxg6 a2 56. Kf6 a1=Q+ 57. Ke6 Qe1+ 58. Kf6 Qc3+ 59. Kg6 Qc6+ 60. Kg5 Kxf7 61. Nh6+ Ke7 62. Nf5+ Kf8 63. Nh6 Qc1+ 64. Kg6 Ke7 65. Nf5+ Ke6 66. Ng7+ Ke5 67. Kh7 Qc7 68. Kg8 Kf6 69. Nh5+ Ke7 70. Ng7 Qg3 71. Kh8 Qc3 72. Kh7 Kf7 73. Nh5 Qe5 74. Kh6 Qh8+ 75. Kg5 Qe5+ 76. Kh6 Qe3+ 77. Kh7 Qf3 78. Ng7 Qg3 79. Nh5 Qh4 80. Kh6 Kg8 81. Kg6 Qe4+ 82. Kh6 Qh7+ 83. Kg5 Qe7+ 84. Nf6+ Kf7 85. Kh6 Qxf6+ 86. Kh7 Ke7 87. Kg8 Kd6 88. Kh7 Qg5 89. Kh8 Ke7 90. Kh7 Kf8 91. Kh8 Qg8# 0-1,,,
Rated Blitz game,https://lichess.org/vxlhQBHA,2018.10.09,-,HushPuppies,Ata99,0-1,2018.10.09,18:20:00,1500,1488,-181,+8,Standard,300+3,C42,Normal,1. e4 e5 2. Bc4 Nf6 3. Nf3 Bc5 4. O-O O-O 5. a3 Nc6 6. c3 d6 7. b4 Bb6 8. d4 exd4 9. cxd4 Nxe4 10. Ra2 d5 11. Re2 Bg4 12. Nbd2 Nc3 13. Qb3 Nxe2+ 14. Bxe2 Re8 15. b5 Na5 16. Qd3 Qf6 17. Ne5 Bxe2 18. Qxe2 Bxd4 19. Ng4 Rxe2 0-1,,,
Rated Classical game,https://lichess.org/RO74UvNj,2018.10.07,-,Y0ur_king,HushPuppies,1-0,2018.10.07,00:42:10,1683,1690,+12,-57,Standard,300+3,C26,Normal,1. e4 Nf6 2. Nc3 e5 3. Bc4 Bb4 4. Nge2 O-O 5. d3 d6 6. Bg5 h6 7. Bh4 Nc6 8. a3 Bxc3+ 9. Nxc3 a6 10. Qe2 Qe7 11. O-O-O Be6 12. Rhg1 Bxc4 13. dxc4 Nd4 14. Qe3 Qe6 15. Bxf6 Qxf6 16. Nd5 Qd8 17. Rxd4 exd4 18. Qxd4 c6 19. Ne3 c5 20. Qd5 Qd7 21. g4 Rfe8 22. g5 Re5 23. Qd3 Rxg5 24. Rxg5 hxg5 25. Nd5 Re8 26. f4 gxf4 27. Nxf4 Qg4 28. Qe3 g5 29. Nd5 Rxe4 30. Qb3 Qf4+ 31. Nxf4 gxf4 32. Qxb7 f3 33. Qxe4 f2 34. Qf4 1-0,,,
Rated Classical game,https://lichess.org/V78fCFKK,2018.09.25,-,Nardyy,HushPuppies,1-0,2018.09.25,07:44:07,1724,1763,+11,-73,Standard,900+15,B21,Normal,1. e4 c5 2. f4 Nc6 3. Nf3 e6 4. c3 Nf6 5. e5 Ne4 6. d3 Nf2 7. Kxf2 b6 8. Be2 Bb7 9. Rf1 g6 10. Nbd2 Bg7 11. Ne4 O-O 12. Nd6 Qc7 13. g4 f6 14. d4 cxd4 15. cxd4 fxe5 16. dxe5 Ne7 17. Kg3 Bxf3 18. Bxf3 Rad8 19. h4 Nd5 20. Bxd5 exd5 21. Qxd5+ Kh8 22. Nf7+ Rxf7 23. Qxf7 Qc4 24. Qxc4 Rf8 25. Be3 1-0,,,
Rated Classical game,https://lichess.org/VrQLs2Rz,2018.09.25,-,HushPuppies,avarax,0-1,2018.09.25,07:31:04,1845,1839,-82,+10,Standard,900+15,B10,Normal,1. e4 c6 2. Nf3 d5 3. d4 dxe4 4. Ne5 Nf6 5. g3 Bf5 6. Bg2 e6 7. Nc3 Bb4 8. O-O O-O 9. a3 Bxc3 10. bxc3 Nbd7 11. Bf4 Qa5 12. Nxd7 Nxd7 13. Bd6 Rfd8 14. f3 exf3 15. Qxf3 Nf6 16. Be5 Be4 17. Qe2 Bxg2 18. Qxg2 Qxc3 19. Rf3 Qxa1+ 20. Qf1 Qxf1+ 21. Rxf1 Ng4 0-1,,,
Rated Bullet game,https://lichess.org/HORvEleR,2018.09.25,-,HushPuppies,Kingof2003,0-1,2018.09.25,06:18:30,1308,1476,-71,+6,Standard,900+15,B00,Normal,1. e4 c6 2. Bc4 d5 3. Bb3 dxe4 4. d3 Nf6 5. dxe4 Qxd1+ 6. Kxd1 Nxe4 7. f4 Nf2+ 8. Ke2 Nxh1 9. Be3 e6 10. Nc3 Nd7 11. Rd1 Be7 12. Ne4 O-O 13. Ng5 Bxg5 14. fxg5 Ne5 15. g6 fxg6 16. Bg5 Nf2 17. Rd6 Ne4 18. Bxe6+ Kh8 19. Rd4 Nxg5 20. Re4 Nxe4 21. Bxc8 Raxc8 0-1,,,
Rated Bullet game,https://lichess.org/SeyzYXrx,2018.09.25,-,Kingof2003,HushPuppies,1-0,2018.09.25,06:16:46,1467,1500,+9,-192,Standard,60+0,C04,Normal,1. e4 e6 2. d4 Nf6 3. Nf3 Nc6 4. Nbd2 d5 5. b3 dxe4 6. c4 exf3 7. Nxf3 Nxd4 8. Nxd4 Bb4+ 9. Bd2 Qxd4 10. Bxb4 Qe4+ 11. Be2 b6 12. O-O c5 13. Bf3 O-O 14. Bxe4 Nxe4 15. Bd2 Nxd2 16. Qxd2 Bb7 17. Qe3 Rad8 18. Rad1 Rde8 19. Rd7 Rb8 20. Rfd1 Rfd8 21. Rxd8+ Rxd8 22. Rxd8# 1-0,,,
Rated Classical game,https://lichess.org/c84ASBox,2018.09.25,-,HushPuppies,abhijeetT,1-0,2018.09.25,05:49:25,1786,1623,+59,-6,Standard,60+0,C00,Normal,1. e4 e6 2. Nf3 d5 3. Nc3 d4 4. Nxd4 Qxd4 5. d3 Bb4 6. Bd2 c5 7. Qf3 Nc6 8. Qe3 Bxc3 9. Bxc3 Qxe3+ 10. fxe3 Nf6 11. O-O-O Ng4 12. Rd2 Nxe3 13. Re2 Nd4 14. Rxe3 Bd7 15. Bxd4 cxd4 16. Rf3 e5 17. Be2 Rc8 18. b3 Rc7 19. Rhf1 O-O 20. h3 Be6 21. g4 Rfc8 22. Bd1 b5 23. g5 a5 24. a3 Bxb3 25. Kd2 Bxc2 26. Bxc2 Rxc2+ 27. Ke1 Rc1+ 28. Kf2 R8c2+ 29. Kg3 Rxf1 30. Rxf1 Rc3 31. Rb1 Rxd3+ 32. Kg4 Rxa3 33. Rxb5 g6 34. Rxe5 d3 35. Rd5 Kf8 36. Kf4 Rc3 37. Ke5 a4 38. Kf6 a3 39. Rd8# 1-0,,,
Rated Classical game,https://lichess.org/2lsNV6iQ,2018.09.25,-,HushPuppies,Vinisilva,1-0,2018.09.25,05:35:50,1688,1662,+98,-126,Standard,900+15,C55,Time forfeit,1. e4 e5 2. Nf3 Nc6 3. Bc4 Nf6 4. a3 Nxe4 5. d3 d5 6. Bb3 Nc5 7. O-O Bg4 8. Qe1 Bxf3 9. gxf3 Nxb3 10. cxb3 Qh4 11. Nc3 Bd6 12. Nxd5 O-O-O 13. Qe4 f5 14. Qxh4 Be7 15. Nxe7+ Kb8 16. Nxc6+ Kc8 17. Bg5 Rxd3 18. Rad1 Rxd1 19. Rxd1 bxc6 20. Rd8+ Rxd8 21. Bxd8 Kb7 22. Qxh7 1-0,,,
Rated Classical game,https://lichess.org/7e98Mpp4,2018.09.25,-,Boduard,HushPuppies,0-1,2018.09.25,05:26:01,1526,1500,-7,+188,Standard,900+15,A40,Normal,1. d4 e6 2. c4 Nc6 3. Nc3 Nf6 4. Bg5 h6 5. Bh4 g5 6. Bg3 d5 7. e3 Bd7 8. Nf3 Qe7 9. Ne5 Nxe5 10. Bxe5 O-O-O 11. cxd5 exd5 12. Nxd5 Nxd5 13. Bxh8 f6 14. Qb3 Be6 15. Qa4 Nb6 16. Qxa7 Qb4+ 17. Kd1 Qxb2 18. Rc1 Qxf2 19. Bd3 Qxe3 20. Be2 Qxd4+ 21. Ke1 Bb4+ 22. Kf1 Qf4+ 23. Kg1 Qxc1+ 24. Kf2 0-1,,,
Rated Rapid game,https://lichess.org/LwHe3ahc,2018.09.24,-,YasserS,HushPuppies,0-1,2018.09.24,21:53:47,1095,1134,-9,+58,Standard,900+15,C00,Time forfeit,1. e4 e6 2. d4 g6 3. Nf3 Bg7 4. Ng5 Qe7 5. Nc3 Nc6 6. d5 Ne5 7. Nb5 Qc5 8. Bf4 Ng4 9. Nxc7+ Kd8 10. Nxf7+ Ke7 11. Bg3 Kxf7 12. Qxg4 Nf6 13. Qf4 Rb8 14. dxe6+ dxe6 15. e5 Qa5+ 16. c3 Qxc7 17. exf6 Bxf6 18. Bh4 e5 19. Qxf6+ Ke8 20. Qxh8+ Kd7 21. Qg7+ Kc6 22. Qf6+ Kd5 23. Bg3 Bg4 24. f3 Be6 25. Rd1+ Kc5 26. Bxe5 Bc4 27. Bxc7 Re8+ 28. Kf2 Re2+ 29. Bxe2 Bxe2 0-1,,,
Rated Rapid game,https://lichess.org/t9gpRgah,2018.09.24,-,sakill,HushPuppies,1-0,2018.09.24,21:49:21,1219,1212,+9,-78,Standard,600+0,B20,Normal,1. e4 c5 2. c4 b6 3. d4 Bb7 4. d5 e6 5. e5 Qg5 6. Bxg5 exd5 7. cxd5 f6 8. e6 Ba6 9. Bxa6 Nxa6 10. exd7+ Kxd7 11. Bf4 Re8+ 12. Be3 Nb4 13. Qa4+ Kd8 14. a3 Re4 15. axb4 f5 16. Nc3 1-0,,,
Rated Rapid game,https://lichess.org/rTJLCnop,2018.09.24,-,HushPuppies,Mihovil2,0-1,2018.09.24,21:36:10,1253,1504,-41,+4,Standard,600+0,B21,Normal,1. e4 c5 2. d4 cxd4 3. Qxd4 Nc6 4. Qc3 Nf6 5. Bb5 Nxe4 6. Qe3 Nd6 7. Bxc6 bxc6 8. Nf3 Ba6 9. Nc3 g6 10. Qd4 f6 11. Qe3 Bg7 12. b3 O-O 13. Ne2 f5 14. O-O Bxa1 15. c3 Ne4 16. Bd2 Bb2 17. Rb1 Ba3 18. b4 c5 19. Rb3 cxb4 20. cxb4 Bxe2 21. Qxe2 Bxb4 22. Rxb4 Rf6 23. g4 Rb6 24. Ra4 Rb1+ 25. Kg2 Qb6 26. Qc4+ Kf8 27. h3 Qxf2# 0-1,,,
Rated Rapid game,https://lichess.org/Tlpcrnnx,2018.09.24,-,Mihovil2,HushPuppies,1-0,2018.09.24,21:19:02,1499,1320,+5,-67,Standard,600+0,B54,Normal,1. e4 c5 2. Nf3 d6 3. d4 e5 4. d5 Nf6 5. Bg5 Be7 6. Be2 Nxe4 7. Bxe7 Qxe7 8. O-O O-O 9. c4 Nf6 10. Nc3 a6 11. Bd3 Bg4 12. Re1 Re8 13. h3 Bxh3 14. gxh3 Qd7 15. Qc2 e4 16. Nxe4 Nxe4 17. Bxe4 Qxh3 18. Re3 Nd7 19. Rae1 Ne5 20. Ng5 Qg4+ 21. Rg3 Nf3+ 22. Nxf3 Rxe4 23. Rxe4 Qxe4 24. Qxe4 Kf8 25. Qxh7 Re8 26. Qxg7+ Ke7 27. Qg5+ Kf8 28. Qg8+ Ke7 29. Qxe8+ Kxe8 30. Kf1 f6 31. Ke2 Kf7 32. Kd3 f5 33. Ng5+ Kf6 34. Ne6 Ke5 35. Re3+ Kf6 36. f4 b5 37. b3 b4 38. Rh3 Kg6 39. Rh8 Kf6 40. Ra8 1-0,,,
Rated Rapid game,https://lichess.org/nMcznNO6,2018.09.24,-,HushPuppies,Mihovil2,0-1,2018.09.24,21:00:45,1500,1491,-180,+8,Standard,600+0,B20,Normal,1. e4 c5 2. d3 Nc6 3. Nc3 g6 4. Be3 d6 5. Be2 Bg7 6. Bf3 Nf6 7. Nge2 Ng4 8. Qc1 O-O 9. Bxg4 Bxg4 10. f3 Be6 11. Bh6 a6 12. Bxg7 Kxg7 13. Qe3 b5 14. O-O-O b4 15. Nd5 Bxd5 16. exd5 Ne5 17. b3 Qa5 18. d4 cxd4 19. Qxd4 Qxa2 20. Kd2 Rfc8 21. Rc1 a5 22. f4 Ra7 23. fxe5 dxe5 24. Qxa7 e4 25. Nd4 Rc3 26. Ne2 e3+ 27. Qxe3 Rxe3 28. Kxe3 a4 29. Nd4 a3 30. Ra1 Qb2 31. Rhb1 Qc3+ 32. Ke4 f5+ 33. Ke5 Kf7 34. Rd1 Qc7+ 35. d6 Qxd6# 0-1,,,
